2339_86_2439_186_2389_136.png,1,data/2/1998_1431_2098_1531_2048_1481.png,0,1660_996_1760_1096_1710_1046.png,546_1188_646_1288_596_1238.png,82_394_182_494_132_444.png,56_1720_156_1820_106_1770.png,1102_1739_1202_1839_1152_1789.png,0_1798_76_1898_38_1848.png,1590_337_1690_437_1640_387.png,221_208_321_308_271_258.png,492_304_592_404_542_354.png,675_842_775_942_725_892.png
110_1845_210_1920_160_1882.png,1.0,,,,,,,,,,,,
988_1858_1088_1920_1038_1889.png,0.0,,,,,,,,,,,,
2270_1729_2370_1829_2320_1779.png,1.0,,,,,,,,,,,,
1876_998_1976_1098_1926_1048.png,1.0,,,,,,,,,,,,
354_1024_454_1124_404_1074.png,0.0,,,,,,,,,,,,
1821_912_1921_1012_1871_962.png,0.0,,,,,,,,,,,,
14_1010_114_1110_64_1060.png,0.0,,,,,,,,,,,,
821_1836_921_1920_871_1878.png,1.0,,,,,,,,,,,,
693_1711_793_1811_743_1761.png,1.0,,,,,,,,,,,,
2490_1294_2560_1394_2525_1344.png,1.0,,,,,,,,,,,,
2022_1468_2122_1568_2072_1518.png,1.0,,,,,,,,,,,,
1473_1580_1573_1680_1523_1630.png,1.0,,,,,,,,,,,,
1158_1121_1258_1221_1208_1171.png,1.0,,,,,,,,,,,,
1846_1058_1946_1158_1896_1108.png,1.0,,,,,,,,,,,,
1920_1767_2020_1867_1970_1817.png,1.0,,,,,,,,,,,,
747_101_847_201_797_151.png,0.0,,,,,,,,,,,,
796_1030_896_1130_846_1080.png,0.0,,,,,,,,,,,,
644_470_744_570_694_520.png,0.0,,,,,,,,,,,,
1596_1714_1696_1814_1646_1764.png,1.0,,,,,,,,,,,,
1878_442_1978_542_1928_492.png,1.0,,,,,,,,,,,,
1874_511_1974_611_1924_561.png,1.0,,,,,,,,,,,,
1882_1540_1982_1640_1932_1590.png,1.0,,,,,,,,,,,,
668_118_768_218_718_168.png,1.0,,,,,,,,,,,,
628_1836_728_1920_678_1878.png,1.0,,,,,,,,,,,,
0_276_68_376_34_326.png,0.0,,,,,,,,,,,,
228_1850_328_1920_278_1885.png,0.0,,,,,,,,,,,,
242_666_342_766_292_716.png,1.0,,,,,,,,,,,,
1512_939_1612_1039_1562_989.png,0.0,,,,,,,,,,,,
626_1525_726_1625_676_1575.png,0.0,,,,,,,,,,,,
1138_1183_1238_1283_1188_1233.png,1.0,,,,,,,,,,,,
2266_854_2366_954_2316_904.png,1.0,,,,,,,,,,,,
0_850_66_950_33_900.png,0.0,,,,,,,,,,,,
1754_1618_1854_1718_1804_1668.png,1.0,,,,,,,,,,,,
1930_262_2030_362_1980_312.png,1.0,,,,,,,,,,,,
1430_1660_1530_1760_1480_1710.png,0.0,,,,,,,,,,,,
110_584_210_684_160_634.png,1.0,,,,,,,,,,,,
1371_818_1471_918_1421_868.png,1.0,,,,,,,,,,,,
750_544_850_644_800_594.png,1.0,,,,,,,,,,,,
718_1012_818_1112_768_1062.png,0.0,,,,,,,,,,,,
18_762_118_862_68_812.png,1.0,,,,,,,,,,,,
740_274_840_374_790_324.png,1.0,,,,,,,,,,,,
1044_1852_1144_1920_1094_1886.png,1.0,,,,,,,,,,,,
1259_536_1359_636_1309_586.png,0.0,,,,,,,,,,,,
1514_1465_1614_1565_1564_1515.png,0.0,,,,,,,,,,,,
1818_239_1918_339_1868_289.png,0.0,,,,,,,,,,,,
16_1484_116_1584_66_1534.png,1.0,,,,,,,,,,,,
910_1518_1010_1618_960_1568.png,0.0,,,,,,,,,,,,
688_398_788_498_738_448.png,1.0,,,,,,,,,,,,
966_1617_1066_1717_1016_1667.png,1.0,,,,,,,,,,,,
1500_1745_1600_1845_1550_1795.png,0.0,,,,,,,,,,,,
815_1258_915_1358_865_1308.png,1.0,,,,,,,,,,,,
2064_1544_2164_1644_2114_1594.png,1.0,,,,,,,,,,,,
2487_1346_2560_1446_2523_1396.png,0.0,,,,,,,,,,,,
2118_1475_2218_1575_2168_1525.png,0.0,,,,,,,,,,,,
996_1452_1096_1552_1046_1502.png,1.0,,,,,,,,,,,,
861_1222_961_1322_911_1272.png,0.0,,,,,,,,,,,,
2084_135_2184_235_2134_185.png,1.0,,,,,,,,,,,,
1518_1180_1618_1280_1568_1230.png,1.0,,,,,,,,,,,,
406_300_506_400_456_350.png,0.0,,,,,,,,,,,,
981_858_1081_958_1031_908.png,1.0,,,,,,,,,,,,
1706_690_1806_790_1756_740.png,0.0,,,,,,,,,,,,
2094_1132_2194_1232_2144_1182.png,1.0,,,,,,,,,,,,
958_1380_1058_1480_1008_1430.png,1.0,,,,,,,,,,,,
2264_1674_2364_1774_2314_1724.png,0.0,,,,,,,,,,,,
586_1782_686_1882_636_1832.png,0.0,,,,,,,,,,,,
2115_1170_2215_1270_2165_1220.png,1.0,,,,,,,,,,,,
1942_1415_2042_1515_1992_1465.png,1.0,,,,,,,,,,,,
610_1018_710_1118_660_1068.png,1.0,,,,,,,,,,,,
1098_1023_1198_1123_1148_1073.png,1.0,,,,,,,,,,,,
2093_1312_2193_1412_2143_1362.png,0.0,,,,,,,,,,,,
926_1858_1026_1920_976_1889.png,0.0,,,,,,,,,,,,
1472_238_1572_338_1522_288.png,0.0,,,,,,,,,,,,
1857_1156_1957_1256_1907_1206.png,1.0,,,,,,,,,,,,
20_1364_120_1464_70_1414.png,1.0,,,,,,,,,,,,
300_408_400_508_350_458.png,0.0,,,,,,,,,,,,
1590_1110_1690_1210_1640_1160.png,1.0,,,,,,,,,,,,
2199_1450_2299_1550_2249_1500.png,1.0,,,,,,,,,,,,
618_1388_718_1488_668_1438.png,1.0,,,,,,,,,,,,
766_1356_866_1456_816_1406.png,0.0,,,,,,,,,,,,
164_1448_264_1548_214_1498.png,1.0,,,,,,,,,,,,
1142_1481_1242_1581_1192_1531.png,0.0,,,,,,,,,,,,
0_914_94_1014_47_964.png,1.0,,,,,,,,,,,,
1368_88_1468_188_1418_138.png,0.0,,,,,,,,,,,,
1204_1845_1304_1920_1254_1882.png,1.0,,,,,,,,,,,,
606_1595_706_1695_656_1645.png,0.0,,,,,,,,,,,,
1856_1106_1956_1206_1906_1156.png,1.0,,,,,,,,,,,,
824_1364_924_1464_874_1414.png,1.0,,,,,,,,,,,,
1852_669_1952_769_1902_719.png,0.0,,,,,,,,,,,,
1876_1398_1976_1498_1926_1448.png,0.0,,,,,,,,,,,,
1725_1435_1825_1535_1775_1485.png,1.0,,,,,,,,,,,,
1424_1723_1524_1823_1474_1773.png,1.0,,,,,,,,,,,,
2128_678_2228_778_2178_728.png,1.0,,,,,,,,,,,,
2322_20_2422_120_2372_70.png,1.0,,,,,,,,,,,,
1589_1263_1689_1363_1639_1313.png,1.0,,,,,,,,,,,,
342_1694_442_1794_392_1744.png,0.0,,,,,,,,,,,,
2056_1824_2156_1920_2106_1872.png,0.0,,,,,,,,,,,,
81_1638_181_1738_131_1688.png,0.0,,,,,,,,,,,,
702_758_802_858_752_808.png,1.0,,,,,,,,,,,,
342_781_442_881_392_831.png,1.0,,,,,,,,,,,,
500_723_600_823_550_773.png,0.0,,,,,,,,,,,,
1386_1730_1486_1830_1436_1780.png,1.0,,,,,,,,,,,,
904_1015_1004_1115_954_1065.png,1.0,,,,,,,,,,,,
1796_866_1896_966_1846_916.png,1.0,,,,,,,,,,,,
695_1384_795_1484_745_1434.png,0.0,,,,,,,,,,,,
536_116_636_216_586_166.png,1.0,,,,,,,,,,,,
915_244_1015_344_965_294.png,1.0,,,,,,,,,,,,
2410_1734_2510_1834_2460_1784.png,0.0,,,,,,,,,,,,
1544_482_1644_582_1594_532.png,1.0,,,,,,,,,,,,
232_1172_332_1272_282_1222.png,0.0,,,,,,,,,,,,
945_950_1045_1050_995_1000.png,1.0,,,,,,,,,,,,
1915_1328_2015_1428_1965_1378.png,1.0,,,,,,,,,,,,
2374_1224_2474_1324_2424_1274.png,1.0,,,,,,,,,,,,
476_1684_576_1784_526_1734.png,1.0,,,,,,,,,,,,
1337_874_1437_974_1387_924.png,0.0,,,,,,,,,,,,
1818_560_1918_660_1868_610.png,1.0,,,,,,,,,,,,
1926_782_2026_882_1976_832.png,0.0,,,,,,,,,,,,
1328_194_1428_294_1378_244.png,0.0,,,,,,,,,,,,
640_72_740_172_690_122.png,1.0,,,,,,,,,,,,
1294_1130_1394_1230_1344_1180.png,0.0,,,,,,,,,,,,
469_1639_569_1739_519_1689.png,1.0,,,,,,,,,,,,
478_1844_578_1920_528_1882.png,1.0,,,,,,,,,,,,
1708_33_1808_133_1758_83.png,0.0,,,,,,,,,,,,
1552_1280_1652_1380_1602_1330.png,1.0,,,,,,,,,,,,
1301_1311_1401_1411_1351_1361.png,1.0,,,,,,,,,,,,
218_622_318_722_268_672.png,0.0,,,,,,,,,,,,
1944_1590_2044_1690_1994_1640.png,0.0,,,,,,,,,,,,
1966_1745_2066_1845_2016_1795.png,1.0,,,,,,,,,,,,
826_1656_926_1756_876_1706.png,1.0,,,,,,,,,,,,
1920_1858_2020_1920_1970_1889.png,0.0,,,,,,,,,,,,
835_176_935_276_885_226.png,0.0,,,,,,,,,,,,
2122_1056_2222_1156_2172_1106.png,1.0,,,,,,,,,,,,
2014_1545_2114_1645_2064_1595.png,1.0,,,,,,,,,,,,
476_1072_576_1172_526_1122.png,1.0,,,,,,,,,,,,
1660_1055_1760_1155_1710_1105.png,1.0,,,,,,,,,,,,
1374_1092_1474_1192_1424_1142.png,1.0,,,,,,,,,,,,
1790_152_1890_252_1840_202.png,1.0,,,,,,,,,,,,
2290_85_2390_185_2340_135.png,1.0,,,,,,,,,,,,
0_1626_89_1726_44_1676.png,0.0,,,,,,,,,,,,
376_1600_476_1700_426_1650.png,1.0,,,,,,,,,,,,
1614_628_1714_728_1664_678.png,1.0,,,,,,,,,,,,
2485_380_2560_480_2522_430.png,1.0,,,,,,,,,,,,
165_665_265_765_215_715.png,0.0,,,,,,,,,,,,
28_647_128_747_78_697.png,0.0,,,,,,,,,,,,
465_1756_565_1856_515_1806.png,1.0,,,,,,,,,,,,
1884_1715_1984_1815_1934_1765.png,1.0,,,,,,,,,,,,
2139_367_2239_467_2189_417.png,1.0,,,,,,,,,,,,
1653_104_1753_204_1703_154.png,1.0,,,,,,,,,,,,
1815_1710_1915_1810_1865_1760.png,1.0,,,,,,,,,,,,
2484_1030_2560_1130_2522_1080.png,0.0,,,,,,,,,,,,
250_1238_350_1338_300_1288.png,1.0,,,,,,,,,,,,
364_1660_464_1760_414_1710.png,1.0,,,,,,,,,,,,
1750_1676_1850_1776_1800_1726.png,1.0,,,,,,,,,,,,
860_498_960_598_910_548.png,0.0,,,,,,,,,,,,
1102_1742_1202_1842_1152_1792.png,1.0,,,,,,,,,,,,
922_1690_1022_1790_972_1740.png,0.0,,,,,,,,,,,,
696_1104_796_1204_746_1154.png,0.0,,,,,,,,,,,,
1634_1828_1734_1920_1684_1874.png,0.0,,,,,,,,,,,,
840_1304_940_1404_890_1354.png,1.0,,,,,,,,,,,,
2454_1188_2554_1288_2504_1238.png,1.0,,,,,,,,,,,,
1438_1134_1538_1234_1488_1184.png,1.0,,,,,,,,,,,,
473_1260_573_1360_523_1310.png,1.0,,,,,,,,,,,,
451_445_551_545_501_495.png,1.0,,,,,,,,,,,,
1554_1667_1654_1767_1604_1717.png,0.0,,,,,,,,,,,,
682_80_782_180_732_130.png,1.0,,,,,,,,,,,,
1036_673_1136_773_1086_723.png,1.0,,,,,,,,,,,,
2187_1625_2287_1725_2237_1675.png,0.0,,,,,,,,,,,,
610_142_710_242_660_192.png,1.0,,,,,,,,,,,,
0_1584_63_1684_31_1634.png,0.0,,,,,,,,,,,,
1969_1552_2069_1652_2019_1602.png,1.0,,,,,,,,,,,,
,,data/2/898_304_998_404_948_354.png,0.0,,,,,,,,,,
,,data/2/278_617_378_717_328_667.png,0.0,,,,,,,,,,
,,677_1714_777_1814_727_1764.png,0.0,,,,,,,,,,
,,1772_1258_1872_1358_1822_1308.png,0.0,,,,,,,,,,
,,2284_465_2384_565_2334_515.png,0.0,,,,,,,,,,
,,0_1006_67_1106_33_1056.png,0.0,,,,,,,,,,
,,1058_140_1158_240_1108_190.png,1.0,,,,,,,,,,
,,700_260_800_360_750_310.png,0.0,,,,,,,,,,
,,1054_360_1154_460_1104_410.png,0.0,,,,,,,,,,
,,1304_68_1404_168_1354_118.png,0.0,,,,,,,,,,
,,1738_1137_1838_1237_1788_1187.png,0.0,,,,,,,,,,
,,2206_1280_2306_1380_2256_1330.png,1.0,,,,,,,,,,
,,565_1476_665_1576_615_1526.png,1.0,,,,,,,,,,
,,1947_244_2047_344_1997_294.png,0.0,,,,,,,,,,
,,1818_1402_1918_1502_1868_1452.png,0.0,,,,,,,,,,
,,1262_434_1362_534_1312_484.png,0.0,,,,,,,,,,
,,550_1226_650_1326_600_1276.png,0.0,,,,,,,,,,
,,2262_1564_2362_1664_2312_1614.png,0.0,,,,,,,,,,
,,618_1153_718_1253_668_1203.png,0.0,,,,,,,,,,
,,1830_1792_1930_1892_1880_1842.png,0.0,,,,,,,,,,
,,1849_266_1949_366_1899_316.png,1.0,,,,,,,,,,
,,311_1759_411_1859_361_1809.png,1.0,,,,,,,,,,
,,1794_1838_1894_1920_1844_1879.png,0.0,,,,,,,,,,
,,951_722_1051_822_1001_772.png,0.0,,,,,,,,,,
,,2361_810_2461_910_2411_860.png,0.0,,,,,,,,,,
,,833_1084_933_1184_883_1134.png,0.0,,,,,,,,,,
,,1178_1273_1278_1373_1228_1323.png,1.0,,,,,,,,,,
,,200_644_300_744_250_694.png,0.0,,,,,,,,,,
,,1668_986_1768_1086_1718_1036.png,1.0,,,,,,,,,,
,,24_1538_124_1638_74_1588.png,1.0,,,,,,,,,,
,,1518_1614_1618_1714_1568_1664.png,1.0,,,,,,,,,,
,,812_1620_912_1720_862_1670.png,1.0,,,,,,,,,,
,,710_806_810_906_760_856.png,0.0,,,,,,,,,,
,,1362_212_1462_312_1412_262.png,0.0,,,,,,,,,,
,,1946_721_2046_821_1996_771.png,0.0,,,,,,,,,,
,,1084_1812_1184_1912_1134_1862.png,1.0,,,,,,,,,,
,,1496_105_1596_205_1546_155.png,1.0,,,,,,,,,,
,,1387_1276_1487_1376_1437_1326.png,1.0,,,,,,,,,,
,,997_1358_1097_1458_1047_1408.png,1.0,,,,,,,,,,
,,18_1092_118_1192_68_1142.png,1.0,,,,,,,,,,
,,489_1053_589_1153_539_1103.png,0.0,,,,,,,,,,
,,1382_1119_1482_1219_1432_1169.png,0.0,,,,,,,,,,
,,941_0_1041_78_991_39.png,0.0,,,,,,,,,,
,,687_455_787_555_737_505.png,0.0,,,,,,,,,,
,,235_767_335_867_285_817.png,1.0,,,,,,,,,,
,,269_1461_369_1561_319_1511.png,0.0,,,,,,,,,,
,,712_986_812_1086_762_1036.png,0.0,,,,,,,,,,
,,2294_1328_2394_1428_2344_1378.png,1.0,,,,,,,,,,
,,2480_344_2560_444_2520_394.png,0.0,,,,,,,,,,
,,900_452_1000_552_950_502.png,0.0,,,,,,,,,,
,,851_549_951_649_901_599.png,1.0,,,,,,,,,,
,,1462_298_1562_398_1512_348.png,0.0,,,,,,,,,,
,,596_1635_696_1735_646_1685.png,1.0,,,,,,,,,,
,,1881_960_1981_1060_1931_1010.png,0.0,,,,,,,,,,
,,987_4_1087_104_1037_54.png,1.0,,,,,,,,,,
,,980_590_1080_690_1030_640.png,1.0,,,,,,,,,,
,,2428_873_2528_973_2478_923.png,0.0,,,,,,,,,,
,,1690_1342_1790_1442_1740_1392.png,1.0,,,,,,,,,,
,,1352_730_1452_830_1402_780.png,0.0,,,,,,,,,,
,,462_1578_562_1678_512_1628.png,1.0,,,,,,,,,,
,,898_1522_998_1622_948_1572.png,1.0,,,,,,,,,,
,,346_451_446_551_396_501.png,1.0,,,,,,,,,,
,,766_1136_866_1236_816_1186.png,1.0,,,,,,,,,,
,,1704_1205_1804_1305_1754_1255.png,0.0,,,,,,,,,,
,,1882_922_1982_1022_1932_972.png,0.0,,,,,,,,,,
,,824_1732_924_1832_874_1782.png,0.0,,,,,,,,,,
,,889_1218_989_1318_939_1268.png,1.0,,,,,,,,,,
,,276_1802_376_1902_326_1852.png,0.0,,,,,,,,,,
,,1951_620_2051_720_2001_670.png,1.0,,,,,,,,,,
,,1440_1278_1540_1378_1490_1328.png,1.0,,,,,,,,,,
,,900_1306_1000_1406_950_1356.png,0.0,,,,,,,,,,
,,1564_312_1664_412_1614_362.png,0.0,,,,,,,,,,
,,1236_475_1336_575_1286_525.png,1.0,,,,,,,,,,
,,1111_354_1211_454_1161_404.png,0.0,,,,,,,,,,
,,1438_1226_1538_1326_1488_1276.png,1.0,,,,,,,,,,
,,320_496_420_596_370_546.png,0.0,,,,,,,,,,
,,1739_872_1839_972_1789_922.png,0.0,,,,,,,,,,
,,880_1585_980_1685_930_1635.png,1.0,,,,,,,,,,
,,1351_132_1451_232_1401_182.png,0.0,,,,,,,,,,
,,0_296_95_396_47_346.png,0.0,,,,,,,,,,
,,1176_1508_1276_1608_1226_1558.png,1.0,,,,,,,,,,
,,1428_715_1528_815_1478_765.png,0.0,,,,,,,,,,
,,608_498_708_598_658_548.png,1.0,,,,,,,,,,
,,534_520_634_620_584_570.png,0.0,,,,,,,,,,
,,706_504_806_604_756_554.png,0.0,,,,,,,,,,
,,1402_754_1502_854_1452_804.png,1.0,,,,,,,,,,
,,1164_1468_1264_1568_1214_1518.png,1.0,,,,,,,,,,
,1.0,,,30_1407_130_1507_80_1457.png,,,,,,,,,
,0.0,,,2492_1796_2560_1896_2526_1846.png,,,,,,,,,
,1.0,,,929_564_1029_664_979_614.png,,,,,,,,,
,0.0,,,102_1097_202_1197_152_1147.png,,,,,,,,,
,0.0,,,1050_544_1150_644_1100_594.png,,,,,,,,,
,0.0,,,1806_401_1906_501_1856_451.png,,,,,,,,,
,1.0,,,892_236_992_336_942_286.png,,,,,,,,,
,0.0,,,264_118_364_218_314_168.png,,,,,,,,,
,0.0,,,2492_1648_2560_1748_2526_1698.png,,,,,,,,,
,0.0,,,495_1836_595_1920_545_1878.png,,,,,,,,,
,1.0,,,1342_904_1442_1004_1392_954.png,,,,,,,,,
,1.0,,,1710_1046_1810_1146_1760_1096.png,,,,,,,,,
,1.0,,,1076_760_1176_860_1126_810.png,,,,,,,,,
,1.0,,,522_900_622_1000_572_950.png,,,,,,,,,
,0.0,,,853_1386_953_1486_903_1436.png,,,,,,,,,
,0.0,,,2342_924_2442_1024_2392_974.png,,,,,,,,,
,1.0,,,1441_1132_1541_1232_1491_1182.png,,,,,,,,,
,1.0,,,1680_916_1780_1016_1730_966.png,,,,,,,,,
,1.0,,,828_517_928_617_878_567.png,,,,,,,,,
,1.0,,,2032_1356_2132_1456_2082_1406.png,,,,,,,,,
,1.0,,,516_338_616_438_566_388.png,,,,,,,,,
,1.0,,,59_1722_159_1822_109_1772.png,,,,,,,,,
,0.0,,,2125_686_2225_786_2175_736.png,,,,,,,,,
,1.0,,,297_875_397_975_347_925.png,,,,,,,,,
,0.0,,,1789_1700_1889_1800_1839_1750.png,,,,,,,,,
,0.0,,,970_13_1070_113_1020_63.png,,,,,,,,,
,1.0,,,852_1768_952_1868_902_1818.png,,,,,,,,,
,1.0,,,488_1674_588_1774_538_1724.png,,,,,,,,,
,0.0,,,12_296_112_396_62_346.png,,,,,,,,,
,0.0,,,1440_1712_1540_1812_1490_1762.png,,,,,,,,,
,1.0,,,108_1814_208_1914_158_1864.png,,,,,,,,,
,0.0,,,2190_1324_2290_1424_2240_1374.png,,,,,,,,,
,0.0,,,486_1371_586_1471_536_1421.png,,,,,,,,,
,1.0,,,166_1212_266_1312_216_1262.png,,,,,,,,,
,1.0,,,73_1590_173_1690_123_1640.png,,,,,,,,,
,1.0,,,630_1461_730_1561_680_1511.png,,,,,,,,,
,1.0,,,466_1288_566_1388_516_1338.png,,,,,,,,,
,1.0,,,1554_1144_1654_1244_1604_1194.png,,,,,,,,,
,1.0,,,169_1459_269_1559_219_1509.png,,,,,,,,,
,1.0,,,1745_1036_1845_1136_1795_1086.png,,,,,,,,,
,0.0,,,2300_0_2400_66_2350_33.png,,,,,,,,,
,1.0,,,2330_1754_2430_1854_2380_1804.png,,,,,,,,,
,1.0,,,345_706_445_806_395_756.png,,,,,,,,,
,1.0,,,634_158_734_258_684_208.png,,,,,,,,,
,0.0,,,1746_1122_1846_1222_1796_1172.png,,,,,,,,,
,1.0,,,254_1549_354_1649_304_1599.png,,,,,,,,,
,0.0,,,1080_1020_1180_1120_1130_1070.png,,,,,,,,,
,1.0,,,820_1196_920_1296_870_1246.png,,,,,,,,,
,0.0,,,1706_1125_1806_1225_1756_1175.png,,,,,,,,,
,1.0,,,1314_1224_1414_1324_1364_1274.png,,,,,,,,,
,0.0,,,1471_831_1571_931_1521_881.png,,,,,,,,,
,1.0,,,604_1486_704_1586_654_1536.png,,,,,,,,,
,0.0,,,1778_1848_1878_1920_1828_1884.png,,,,,,,,,
,1.0,,,1386_382_1486_482_1436_432.png,,,,,,,,,
,1.0,,,774_579_874_679_824_629.png,,,,,,,,,
,1.0,,,930_1682_1030_1782_980_1732.png,,,,,,,,,
,1.0,,,2364_1322_2464_1422_2414_1372.png,,,,,,,,,
,1.0,,,1108_59_1208_159_1158_109.png,,,,,,,,,
,1.0,,,2426_1560_2526_1660_2476_1610.png,,,,,,,,,
,1.0,,,116_690_216_790_166_740.png,,,,,,,,,
,1.0,,,69_1230_169_1330_119_1280.png,,,,,,,,,
,0.0,,,2308_1288_2408_1388_2358_1338.png,,,,,,,,,
,1.0,,,1645_1317_1745_1417_1695_1367.png,,,,,,,,,
,1.0,,,964_1508_1064_1608_1014_1558.png,,,,,,,,,
,1.0,,,1128_612_1228_712_1178_662.png,,,,,,,,,
,1.0,,,783_1748_883_1848_833_1798.png,,,,,,,,,
,1.0,,,72_266_172_366_122_316.png,,,,,,,,,
,1.0,,,1254_1532_1354_1632_1304_1582.png,,,,,,,,,
,1.0,,,232_1838_332_1920_282_1879.png,,,,,,,,,
,1.0,,,891_1483_991_1583_941_1533.png,,,,,,,,,
,1.0,,,227_731_327_831_277_781.png,,,,,,,,,
,0.0,,,1692_1222_1792_1322_1742_1272.png,,,,,,,,,
,1.0,,,1062_1522_1162_1622_1112_1572.png,,,,,,,,,
,1.0,,,530_388_630_488_580_438.png,,,,,,,,,
,0.0,,,2130_1268_2230_1368_2180_1318.png,,,,,,,,,
,0.0,,,1904_1712_2004_1812_1954_1762.png,,,,,,,,,
,1.0,,,990_882_1090_982_1040_932.png,,,,,,,,,
,1.0,,,29_1784_129_1884_79_1834.png,,,,,,,,,
,1.0,,,539_1490_639_1590_589_1540.png,,,,,,,,,
,1.0,,,736_1081_836_1181_786_1131.png,,,,,,,,,
,1.0,,,1094_1228_1194_1328_1144_1278.png,,,,,,,,,
,0.0,,,2050_757_2150_857_2100_807.png,,,,,,,,,
,0.0,,,258_1325_358_1425_308_1375.png,,,,,,,,,
,1.0,,,942_316_1042_416_992_366.png,,,,,,,,,
,1.0,,,320_1669_420_1769_370_1719.png,,,,,,,,,
,0.0,,,527_1434_627_1534_577_1484.png,,,,,,,,,
,1.0,,,98_23_198_123_148_73.png,,,,,,,,,
,1.0,,,372_238_472_338_422_288.png,,,,,,,,,
,1.0,,,216_1106_316_1206_266_1156.png,,,,,,,,,
,0.0,,,1874_782_1974_882_1924_832.png,,,,,,,,,
,1.0,,,1602_1124_1702_1224_1652_1174.png,,,,,,,,,
,0.0,,,2224_1794_2324_1894_2274_1844.png,,,,,,,,,
,1.0,,,550_1612_650_1712_600_1662.png,,,,,,,,,
,0.0,,,818_194_918_294_868_244.png,,,,,,,,,
,1.0,,,75_1764_175_1864_125_1814.png,,,,,,,,,
,1.0,,,553_1122_653_1222_603_1172.png,,,,,,,,,
,1.0,,,184_234_284_334_234_284.png,,,,,,,,,
,0.0,,,328_1332_428_1432_378_1382.png,,,,,,,,,
,1.0,,,13_558_113_658_63_608.png,,,,,,,,,
,1.0,,,0_1262_88_1362_44_1312.png,,,,,,,,,
,1.0,,,151_1104_251_1204_201_1154.png,,,,,,,,,
,,,0.0,,701_1771_801_1871_751_1821.png,,,,,,,,
,,,1.0,,2453_1314_2553_1414_2503_1364.png,,,,,,,,
,,,0.0,,284_1484_384_1584_334_1534.png,,,,,,,,
,,,0.0,,2357_1175_2457_1275_2407_1225.png,,,,,,,,
,,,1.0,,455_1086_555_1186_505_1136.png,,,,,,,,
,,,1.0,,634_1240_734_1340_684_1290.png,,,,,,,,
,,,0.0,,1516_1294_1616_1394_1566_1344.png,,,,,,,,
,,,1.0,,2446_1090_2546_1190_2496_1140.png,,,,,,,,
,,,1.0,,673_822_773_922_723_872.png,,,,,,,,
,,,0.0,,1862_772_1962_872_1912_822.png,,,,,,,,
,,,1.0,,1995_244_2095_344_2045_294.png,,,,,,,,
,,,0.0,,2246_134_2346_234_2296_184.png,,,,,,,,
,,,1.0,,356_655_456_755_406_705.png,,,,,,,,
,,,1.0,,2418_712_2518_812_2468_762.png,,,,,,,,
,,,1.0,,922_1222_1022_1322_972_1272.png,,,,,,,,
,,,1.0,,2355_1344_2455_1444_2405_1394.png,,,,,,,,
,,,1.0,,664_772_764_872_714_822.png,,,,,,,,
,,,0.0,,147_417_247_517_197_467.png,,,,,,,,
,,,1.0,,2421_1052_2521_1152_2471_1102.png,,,,,,,,
,,,0.0,,2319_1606_2419_1706_2369_1656.png,,,,,,,,
,,,1.0,,740_843_840_943_790_893.png,,,,,,,,
,,,0.0,,928_342_1028_442_978_392.png,,,,,,,,
,,,0.0,,1680_1804_1780_1904_1730_1854.png,,,,,,,,
,,,1.0,,1570_1471_1670_1571_1620_1521.png,,,,,,,,
,,,0.0,,389_1802_489_1902_439_1852.png,,,,,,,,
,,,0.0,,1447_98_1547_198_1497_148.png,,,,,,,,
,,,0.0,,0_1672_70_1772_35_1722.png,,,,,,,,
,,,1.0,,2386_1784_2486_1884_2436_1834.png,,,,,,,,
,,,0.0,,2144_1782_2244_1882_2194_1832.png,,,,,,,,
,,,1.0,,1080_902_1180_1002_1130_952.png,,,,,,,,
,,,1.0,,388_32_488_132_438_82.png,,,,,,,,
,,,1.0,,183_0_283_94_233_47.png,,,,,,,,
,,,1.0,,1588_972_1688_1072_1638_1022.png,,,,,,,,
,,,1.0,,910_0_1010_92_960_46.png,,,,,,,,
,,,0.0,,0_256_96_356_48_306.png,,,,,,,,
,,,1.0,,2368_1073_2468_1173_2418_1123.png,,,,,,,,
,,,1.0,,194_492_294_592_244_542.png,,,,,,,,
,,,1.0,,638_418_738_518_688_468.png,,,,,,,,
,,,1.0,,2177_804_2277_904_2227_854.png,,,,,,,,
,,,1.0,,1958_382_2058_482_2008_432.png,,,,,,,,
,,,0.0,,58_1650_158_1750_108_1700.png,,,,,,,,
,,,0.0,,855_525_955_625_905_575.png,,,,,,,,
,,,1.0,,1634_730_1734_830_1684_780.png,,,,,,,,
,,,0.0,,0_399_66_499_33_449.png,,,,,,,,
,,,0.0,,1918_1017_2018_1117_1968_1067.png,,,,,,,,
,,,0.0,,1183_830_1283_930_1233_880.png,,,,,,,,
,,,0.0,,2376_918_2476_1018_2426_968.png,,,,,,,,
,,,1.0,,834_895_934_995_884_945.png,,,,,,,,
,,,1.0,,1146_1339_1246_1439_1196_1389.png,,,,,,,,
,,,0.0,,1003_466_1103_566_1053_516.png,,,,,,,,
,,,0.0,,756_346_856_446_806_396.png,,,,,,,,
,,,0.0,,539_546_639_646_589_596.png,,,,,,,,
,,,1.0,,2382_664_2482_764_2432_714.png,,,,,,,,
,,,0.0,,2188_1780_2288_1880_2238_1830.png,,,,,,,,
,,,0.0,,2046_578_2146_678_2096_628.png,,,,,,,,
,,,0.0,,2307_1378_2407_1478_2357_1428.png,,,,,,,,
,,,1.0,,396_1410_496_1510_446_1460.png,,,,,,,,
,,,0.0,,1522_1602_1622_1702_1572_1652.png,,,,,,,,
,,,0.0,,1694_940_1794_1040_1744_990.png,,,,,,,,
,,,0.0,,90_205_190_305_140_255.png,,,,,,,,
,,,1.0,,1298_730_1398_830_1348_780.png,,,,,,,,
,,,1.0,,486_280_586_380_536_330.png,,,,,,,,
,,,1.0,,2019_1034_2119_1134_2069_1084.png,,,,,,,,
,,,1.0,,1505_1156_1605_1256_1555_1206.png,,,,,,,,
,,,0.0,,1882_1708_1982_1808_1932_1758.png,,,,,,,,
,,,1.0,,1062_1172_1162_1272_1112_1222.png,,,,,,,,
,,,1.0,,860_1094_960_1194_910_1144.png,,,,,,,,
,,,0.0,,2284_54_2384_154_2334_104.png,,,,,,,,
,,,1.0,,1725_1602_1825_1702_1775_1652.png,,,,,,,,
,,,1.0,,1716_165_1816_265_1766_215.png,,,,,,,,
,,,0.0,,1922_1264_2022_1364_1972_1314.png,,,,,,,,
,,,1.0,,1957_792_2057_892_2007_842.png,,,,,,,,
,,,1.0,,703_995_803_1095_753_1045.png,,,,,,,,
,,,1.0,,884_270_984_370_934_320.png,,,,,,,,
,,,1.0,,1180_1502_1280_1602_1230_1552.png,,,,,,,,
,,,0.0,,1055_1531_1155_1631_1105_1581.png,,,,,,,,
,,,0.0,,2290_1035_2390_1135_2340_1085.png,,,,,,,,
,,,0.0,,1548_371_1648_471_1598_421.png,,,,,,,,
,,,0.0,,2491_1375_2560_1475_2525_1425.png,,,,,,,,
,,,0.0,,1332_1788_1432_1888_1382_1838.png,,,,,,,,
,,,1.0,,762_1233_862_1333_812_1283.png,,,,,,,,
,,,1.0,,1952_1143_2052_1243_2002_1193.png,,,,,,,,
,,,1.0,,1660_451_1760_551_1710_501.png,,,,,,,,
,,,0.0,,1208_377_1308_477_1258_427.png,,,,,,,,
,,,0.0,,1569_1089_1669_1189_1619_1139.png,,,,,,,,
,,,1.0,,1134_75_1234_175_1184_125.png,,,,,,,,
,,,1.0,,131_1160_231_1260_181_1210.png,,,,,,,,
,,,1.0,,0_166_93_266_46_216.png,,,,,,,,
,,,1.0,,0_110_82_210_41_160.png,,,,,,,,
,,,1.0,,0_486_88_586_44_536.png,,,,,,,,
,,,0.0,,344_1860_444_1920_394_1890.png,,,,,,,,
,,,1.0,,1025_1728_1125_1828_1075_1778.png,,,,,,,,
,,,1.0,,736_1183_836_1283_786_1233.png,,,,,,,,
,,,1.0,,322_591_422_691_372_641.png,,,,,,,,
,,,1.0,,767_650_867_750_817_700.png,,,,,,,,
,,,1.0,,580_1078_680_1178_630_1128.png,,,,,,,,
,,,1.0,,1192_168_1292_268_1242_218.png,,,,,,,,
,,,1.0,,1080_750_1180_850_1130_800.png,,,,,,,,
,,,1.0,,879_830_979_930_929_880.png,,,,,,,,
,,,0.0,,2010_352_2110_452_2060_402.png,,,,,,,,
,,,1.0,,0_1174_90_1274_45_1224.png,,,,,,,,
,,,1.0,,56_709_156_809_106_759.png,,,,,,,,
,,,0.0,,1602_1679_1702_1779_1652_1729.png,,,,,,,,
,,,0.0,,406_0_506_72_456_36.png,,,,,,,,
,,,0.0,,0_72_76_172_38_122.png,,,,,,,,
,,,0.0,,478_541_578_641_528_591.png,,,,,,,,
,,,1.0,,344_494_444_594_394_544.png,,,,,,,,
,,,1.0,,66_442_166_542_116_492.png,,,,,,,,
,,,0.0,,2152_586_2252_686_2202_636.png,,,,,,,,
,,,0.0,,1316_1616_1416_1716_1366_1666.png,,,,,,,,
,,,1.0,,342_16_442_116_392_66.png,,,,,,,,
,,,0.0,,2314_1274_2414_1374_2364_1324.png,,,,,,,,
,,,1.0,,24_436_124_536_74_486.png,,,,,,,,
,,,1.0,,2372_282_2472_382_2422_332.png,,,,,,,,
,,,1.0,,1822_1193_1922_1293_1872_1243.png,,,,,,,,
,,,0.0,,2104_1553_2204_1653_2154_1603.png,,,,,,,,
,,,0.0,,76_1405_176_1505_126_1455.png,,,,,,,,
,,,0.0,,1654_1859_1754_1920_1704_1889.png,,,,,,,,
,,,1.0,,1703_1696_1803_1796_1753_1746.png,,,,,,,,
,,,1.0,,1892_1176_1992_1276_1942_1226.png,,,,,,,,
,,,0.0,,572_1741_672_1841_622_1791.png,,,,,,,,
,,,0.0,,1054_412_1154_512_1104_462.png,,,,,,,,
,,,1.0,,224_658_324_758_274_708.png,,,,,,,,
,,,0.0,,1102_986_1202_1086_1152_1036.png,,,,,,,,
,,,0.0,,1632_1243_1732_1343_1682_1293.png,,,,,,,,
,,,0.0,,1592_516_1692_616_1642_566.png,,,,,,,,
,,,0.0,,888_55_988_155_938_105.png,,,,,,,,
,,,1.0,,832_1059_932_1159_882_1109.png,,,,,,,,
,,,1.0,,1243_810_1343_910_1293_860.png,,,,,,,,
,,,1.0,,569_1249_669_1349_619_1299.png,,,,,,,,
,,,0.0,,1572_304_1672_404_1622_354.png,,,,,,,,
,,,1.0,,315_428_415_528_365_478.png,,,,,,,,
,,,0.0,,,1627_1254_1727_1354_1677_1304.png,,,,,,,
,,,1.0,,,1172_574_1272_674_1222_624.png,,,,,,,
,,,1.0,,,2076_1218_2176_1318_2126_1268.png,,,,,,,
,,,0.0,,,401_1628_501_1728_451_1678.png,,,,,,,
,,,1.0,,,85_824_185_924_135_874.png,,,,,,,
,,,1.0,,,2378_723_2478_823_2428_773.png,,,,,,,
,,,0.0,,,1380_969_1480_1069_1430_1019.png,,,,,,,
,,,1.0,,,2044_5_2144_105_2094_55.png,,,,,,,
,,,0.0,,,858_1840_958_1920_908_1880.png,,,,,,,
,,,0.0,,,763_1580_863_1680_813_1630.png,,,,,,,
,,,1.0,,,1129_71_1229_171_1179_121.png,,,,,,,
,,,1.0,,,462_1654_562_1754_512_1704.png,,,,,,,
,,,1.0,,,2256_870_2356_970_2306_920.png,,,,,,,
,,,0.0,,,1804_400_1904_500_1854_450.png,,,,,,,
,,,1.0,,,1322_896_1422_996_1372_946.png,,,,,,,
,,,1.0,,,698_1416_798_1516_748_1466.png,,,,,,,
,,,1.0,,,976_263_1076_363_1026_313.png,,,,,,,
,,,1.0,,,1206_974_1306_1074_1256_1024.png,,,,,,,
,,,0.0,,,318_1276_418_1376_368_1326.png,,,,,,,
,,,1.0,,,2423_1126_2523_1226_2473_1176.png,,,,,,,
,,,0.0,,,836_1507_936_1607_886_1557.png,,,,,,,
,,,1.0,,,950_1246_1050_1346_1000_1296.png,,,,,,,
,,,1.0,,,1656_20_1756_120_1706_70.png,,,,,,,
,,,1.0,,,1133_402_1233_502_1183_452.png,,,,,,,
,,,1.0,,,1097_942_1197_1042_1147_992.png,,,,,,,
,,,0.0,,,1576_1510_1676_1610_1626_1560.png,,,,,,,
,,,0.0,,,0_345_86_445_43_395.png,,,,,,,
,,,1.0,,,288_546_388_646_338_596.png,,,,,,,
,,,0.0,,,841_663_941_763_891_713.png,,,,,,,
,,,1.0,,,1298_323_1398_423_1348_373.png,,,,,,,
,,,0.0,,,1330_528_1430_628_1380_578.png,,,,,,,
,,,1.0,,,1161_100_1261_200_1211_150.png,,,,,,,
,,,1.0,,,636_470_736_570_686_520.png,,,,,,,
,,,1.0,,,1696_112_1796_212_1746_162.png,,,,,,,
,,,0.0,,,1462_1690_1562_1790_1512_1740.png,,,,,,,
,,,1.0,,,1215_388_1315_488_1265_438.png,,,,,,,
,,,1.0,,,1218_898_1318_998_1268_948.png,,,,,,,
,,,1.0,,,1462_586_1562_686_1512_636.png,,,,,,,
,,,0.0,,,175_26_275_126_225_76.png,,,,,,,
,,,0.0,,,482_1278_582_1378_532_1328.png,,,,,,,
,,,0.0,,,874_299_974_399_924_349.png,,,,,,,
,,,0.0,,,1011_501_1111_601_1061_551.png,,,,,,,
,,,0.0,,,934_1614_1034_1714_984_1664.png,,,,,,,
,,,0.0,,,1897_532_1997_632_1947_582.png,,,,,,,
,,,1.0,,,500_462_600_562_550_512.png,,,,,,,
,,,1.0,,,2224_612_2324_712_2274_662.png,,,,,,,
,,,0.0,,,0_738_64_838_32_788.png,,,,,,,
,,,0.0,,,368_820_468_920_418_870.png,,,,,,,
,,,1.0,,,668_578_768_678_718_628.png,,,,,,,
,,,1.0,,,2446_911_2546_1011_2496_961.png,,,,,,,
,,,1.0,,,1553_30_1653_130_1603_80.png,,,,,,,
,,,1.0,,,678_206_778_306_728_256.png,,,,,,,
,,,1.0,,,469_363_569_463_519_413.png,,,,,,,
,,,1.0,,,320_1108_420_1208_370_1158.png,,,,,,,
,,,1.0,,,714_218_814_318_764_268.png,,,,,,,
,,,1.0,,,2166_588_2266_688_2216_638.png,,,,,,,
,,,1.0,,,2416_1169_2516_1269_2466_1219.png,,,,,,,
,,,1.0,,,822_862_922_962_872_912.png,,,,,,,
,,,1.0,,,2142_298_2242_398_2192_348.png,,,,,,,
,,,0.0,,,1446_1013_1546_1113_1496_1063.png,,,,,,,
,,,1.0,,,574_62_674_162_624_112.png,,,,,,,
,,,1.0,,,12_842_112_942_62_892.png,,,,,,,
,,,1.0,,,234_848_334_948_284_898.png,,,,,,,
,,,0.0,,,1432_914_1532_1014_1482_964.png,,,,,,,
,,,1.0,,,1384_1116_1484_1216_1434_1166.png,,,,,,,
,,,1.0,,,1068_119_1168_219_1118_169.png,,,,,,,
,,,0.0,,,1876_106_1976_206_1926_156.png,,,,,,,
,,,1.0,,,646_820_746_920_696_870.png,,,,,,,
,,,1.0,,,1708_838_1808_938_1758_888.png,,,,,,,
,,,0.0,,,442_1736_542_1836_492_1786.png,,,,,,,
,,,0.0,,,170_1827_270_1920_220_1873.png,,,,,,,
,,,1.0,,,659_127_759_227_709_177.png,,,,,,,
,,,1.0,,,1046_172_1146_272_1096_222.png,,,,,,,
,,,1.0,,,402_458_502_558_452_508.png,,,,,,,
,,,0.0,,,2431_635_2531_735_2481_685.png,,,,,,,
,,,0.0,,,652_1010_752_1110_702_1060.png,,,,,,,
,,,1.0,,,2302_282_2402_382_2352_332.png,,,,,,,
,,,1.0,,,1171_896_1271_996_1221_946.png,,,,,,,
,,,0.0,,,1143_1514_1243_1614_1193_1564.png,,,,,,,
,,,1.0,,,172_1298_272_1398_222_1348.png,,,,,,,
,,,0.0,,,2470_1435_2560_1535_2515_1485.png,,,,,,,
,,,0.0,,,0_1844_58_1920_29_1882.png,,,,,,,
,,,1.0,,,1164_1654_1264_1754_1214_1704.png,,,,,,,
,,,1.0,,,613_438_713_538_663_488.png,,,,,,,
,,,1.0,,,0_1571_76_1671_38_1621.png,,,,,,,
,,,0.0,,,0_394_70_494_35_444.png,,,,,,,
,,,0.0,,,2048_375_2148_475_2098_425.png,,,,,,,
,,,1.0,,,1386_330_1486_430_1436_380.png,,,,,,,
,,,0.0,,,1272_1844_1372_1920_1322_1882.png,,,,,,,
,,,0.0,,,0_0_74_74_37_37.png,,,,,,,
,,,1.0,,,148_743_248_843_198_793.png,,,,,,,
,,,1.0,,,2136_514_2236_614_2186_564.png,,,,,,,
,,,1.0,,,640_0_740_76_690_38.png,,,,,,,
,,,0.0,,,412_1020_512_1120_462_1070.png,,,,,,,
,,,1.0,,,1001_1290_1101_1390_1051_1340.png,,,,,,,
,,,1.0,,,176_1216_276_1316_226_1266.png,,,,,,,
,,,1.0,,,383_1201_483_1301_433_1251.png,,,,,,,
,,,1.0,,,1149_338_1249_438_1199_388.png,,,,,,,
,,,1.0,,,14_502_114_602_64_552.png,,,,,,,
,,,1.0,,,1674_1331_1774_1431_1724_1381.png,,,,,,,
,,,0.0,,,1190_1480_1290_1580_1240_1530.png,,,,,,,
,,,1.0,,,2218_168_2318_268_2268_218.png,,,,,,,
,,,1.0,,,334_224_434_324_384_274.png,,,,,,,
,,,1.0,,,1702_418_1802_518_1752_468.png,,,,,,,
,,,1.0,,,1194_244_1294_344_1244_294.png,,,,,,,
,,,1.0,,,649_1548_749_1648_699_1598.png,,,,,,,
,,,1.0,,,2476_1176_2560_1276_2518_1226.png,,,,,,,
,,,1.0,,,0_279_76_379_38_329.png,,,,,,,
,,,1.0,,,1298_810_1398_910_1348_860.png,,,,,,,
,,,0.0,,,2412_1499_2512_1599_2462_1549.png,,,,,,,
,,,0.0,,,620_1204_720_1304_670_1254.png,,,,,,,
,,,1.0,,,118_624_218_724_168_674.png,,,,,,,
,,,1.0,,,1374_1166_1474_1266_1424_1216.png,,,,,,,
,,,1.0,,,1724_198_1824_298_1774_248.png,,,,,,,
,,,1.0,,,1920_769_2020_869_1970_819.png,,,,,,,
,,,1.0,,,1858_390_1958_490_1908_440.png,,,,,,,
,,,1.0,,,1512_570_1612_670_1562_620.png,,,,,,,
,,,1.0,,,1601_369_1701_469_1651_419.png,,,,,,,
,,,0.0,,,1170_496_1270_596_1220_546.png,,,,,,,
,,,1.0,,,80_1610_180_1710_130_1660.png,,,,,,,
,,,1.0,,,2205_886_2305_986_2255_936.png,,,,,,,
,,,0.0,,,1335_278_1435_378_1385_328.png,,,,,,,
,,,1.0,,,1566_634_1666_734_1616_684.png,,,,,,,
,,,1.0,,,518_668_618_768_568_718.png,,,,,,,
,,,0.0,,,1998_0_2098_66_2048_33.png,,,,,,,
,,,1.0,,,887_544_987_644_937_594.png,,,,,,,
,,,0.0,,,1377_1807_1477_1907_1427_1857.png,,,,,,,
,,,0.0,,,944_548_1044_648_994_598.png,,,,,,,
,,,1.0,,,974_220_1074_320_1024_270.png,,,,,,,
,,,1.0,,,2328_1411_2428_1511_2378_1461.png,,,,,,,
,,,1.0,,,1252_1242_1352_1342_1302_1292.png,,,,,,,
,,,0.0,,,1410_1049_1510_1149_1460_1099.png,,,,,,,
,,,0.0,,,0_580_70_680_35_630.png,,,,,,,
,,,1.0,,,379_152_479_252_429_202.png,,,,,,,
,,,1.0,,,866_164_966_264_916_214.png,,,,,,,
,,,0.0,,,96_1384_196_1484_146_1434.png,,,,,,,
,,,1.0,,,754_904_854_1004_804_954.png,,,,,,,
,,,0.0,,,618_1353_718_1453_668_1403.png,,,,,,,
,,,1.0,,,1347_117_1447_217_1397_167.png,,,,,,,
,,,1.0,,,348_1732_448_1832_398_1782.png,,,,,,,
,,,1.0,,,0_894_86_994_43_944.png,,,,,,,
,,,1.0,,,1747_0_1847_76_1797_38.png,,,,,,,
,,,1.0,,,,682_904_782_1004_732_954.png,,,,,,
,,,1.0,,,,388_328_488_428_438_378.png,,,,,,
,,,1.0,,,,1318_854_1418_954_1368_904.png,,,,,,
,,,1.0,,,,0_0_66_93_33_46.png,,,,,,
,,,1.0,,,,8_628_108_728_58_678.png,,,,,,
,,,1.0,,,,1344_138_1444_238_1394_188.png,,,,,,
,,,1.0,,,,786_622_886_722_836_672.png,,,,,,
,,,0.0,,,,962_1552_1062_1652_1012_1602.png,,,,,,
,,,1.0,,,,1204_1310_1304_1410_1254_1360.png,,,,,,
,,,0.0,,,,642_298_742_398_692_348.png,,,,,,
,,,1.0,,,,754_831_854_931_804_881.png,,,,,,
,,,0.0,,,,2478_1506_2560_1606_2519_1556.png,,,,,,
,,,0.0,,,,327_842_427_942_377_892.png,,,,,,
,,,1.0,,,,780_1750_880_1850_830_1800.png,,,,,,
,,,1.0,,,,395_755_495_855_445_805.png,,,,,,
,,,1.0,,,,1866_1832_1966_1920_1916_1876.png,,,,,,
,,,1.0,,,,1410_1224_1510_1324_1460_1274.png,,,,,,
,,,1.0,,,,1538_66_1638_166_1588_116.png,,,,,,
,,,0.0,,,,925_1546_1025_1646_975_1596.png,,,,,,
,,,0.0,,,,1366_993_1466_1093_1416_1043.png,,,,,,
,,,1.0,,,,1996_1587_2096_1687_2046_1637.png,,,,,,
,,,1.0,,,,726_1411_826_1511_776_1461.png,,,,,,
,,,1.0,,,,139_1377_239_1477_189_1427.png,,,,,,
,,,0.0,,,,2234_106_2334_206_2284_156.png,,,,,,
,,,0.0,,,,1266_868_1366_968_1316_918.png,,,,,,
,,,1.0,,,,1465_7_1565_107_1515_57.png,,,,,,
,,,1.0,,,,102_238_202_338_152_288.png,,,,,,
,,,1.0,,,,938_1080_1038_1180_988_1130.png,,,,,,
,,,0.0,,,,148_1760_248_1860_198_1810.png,,,,,,
,,,1.0,,,,2222_1815_2322_1915_2272_1865.png,,,,,,
,,,1.0,,,,2006_1037_2106_1137_2056_1087.png,,,,,,
,,,1.0,,,,68_527_168_627_118_577.png,,,,,,
,,,0.0,,,,1914_52_2014_152_1964_102.png,,,,,,
,,,0.0,,,,1424_416_1524_516_1474_466.png,,,,,,
,,,0.0,,,,652_0_752_66_702_33.png,,,,,,
,,,0.0,,,,1507_821_1607_921_1557_871.png,,,,,,
,,,1.0,,,,145_1134_245_1234_195_1184.png,,,,,,
,,,1.0,,,,595_928_695_1028_645_978.png,,,,,,
,,,1.0,,,,374_231_474_331_424_281.png,,,,,,
,,,1.0,,,,896_1664_996_1764_946_1714.png,,,,,,
,,,0.0,,,,804_1031_904_1131_854_1081.png,,,,,,
,,,1.0,,,,1086_500_1186_600_1136_550.png,,,,,,
,,,1.0,,,,1605_955_1705_1055_1655_1005.png,,,,,,
,,,1.0,,,,1164_894_1264_994_1214_944.png,,,,,,
,,,1.0,,,,1594_734_1694_834_1644_784.png,,,,,,
,,,0.0,,,,0_307_64_407_32_357.png,,,,,,
,,,1.0,,,,0_1033_76_1133_38_1083.png,,,,,,
,,,1.0,,,,2458_1554_2558_1654_2508_1604.png,,,,,,
,,,0.0,,,,2426_862_2526_962_2476_912.png,,,,,,
,,,1.0,,,,320_1404_420_1504_370_1454.png,,,,,,
,,,0.0,,,,576_812_676_912_626_862.png,,,,,,
,,,1.0,,,,1702_168_1802_268_1752_218.png,,,,,,
,,,1.0,,,,1208_1805_1308_1905_1258_1855.png,,,,,,
,,,0.0,,,,2146_981_2246_1081_2196_1031.png,,,,,,
,,,1.0,,,,2_1237_102_1337_52_1287.png,,,,,,
,,,1.0,,,,1117_848_1217_948_1167_898.png,,,,,,
,,,1.0,,,,656_760_756_860_706_810.png,,,,,,
,,,1.0,,,,668_1410_768_1510_718_1460.png,,,,,,
,,,0.0,,,,480_1031_580_1131_530_1081.png,,,,,,
,,,0.0,,,,322_1208_422_1308_372_1258.png,,,,,,
,,,0.0,,,,1779_412_1879_512_1829_462.png,,,,,,
,,,1.0,,,,606_862_706_962_656_912.png,,,,,,
,,,1.0,,,,989_562_1089_662_1039_612.png,,,,,,
,,,1.0,,,,1705_1320_1805_1420_1755_1370.png,,,,,,
,,,1.0,,,,533_1817_633_1917_583_1867.png,,,,,,
,,,0.0,,,,904_1466_1004_1566_954_1516.png,,,,,,
,,,0.0,,,,816_413_916_513_866_463.png,,,,,,
,,,1.0,,,,1702_1043_1802_1143_1752_1093.png,,,,,,
,,,1.0,,,,564_440_664_540_614_490.png,,,,,,
,,,1.0,,,,1940_1540_2040_1640_1990_1590.png,,,,,,
,,,1.0,,,,712_1486_812_1586_762_1536.png,,,,,,
,,,0.0,,,,863_1582_963_1682_913_1632.png,,,,,,
,,,0.0,,,,1405_0_1505_68_1455_34.png,,,,,,
,,,1.0,,,,104_1028_204_1128_154_1078.png,,,,,,
,,,1.0,,,,1464_455_1564_555_1514_505.png,,,,,,
,,,1.0,,,,1168_669_1268_769_1218_719.png,,,,,,
,,,1.0,,,,986_1060_1086_1160_1036_1110.png,,,,,,
,,,1.0,,,,586_269_686_369_636_319.png,,,,,,
,,,1.0,,,,109_764_209_864_159_814.png,,,,,,
,,,1.0,,,,708_350_808_450_758_400.png,,,,,,
,,,0.0,,,,266_106_366_206_316_156.png,,,,,,
,,,1.0,,,,842_831_942_931_892_881.png,,,,,,
,,,0.0,,,,80_991_180_1091_130_1041.png,,,,,,
,,,1.0,,,,274_0_374_84_324_42.png,,,,,,
,,,0.0,,,,2306_47_2406_147_2356_97.png,,,,,,
,,,0.0,,,,2010_698_2110_798_2060_748.png,,,,,,
,,,1.0,,,,2148_0_2248_78_2198_39.png,,,,,,
,,,1.0,,,,1945_1326_2045_1426_1995_1376.png,,,,,,
,,,1.0,,,,1016_245_1116_345_1066_295.png,,,,,,
,,,0.0,,,,1154_1734_1254_1834_1204_1784.png,,,,,,
,,,1.0,,,,1234_182_1334_282_1284_232.png,,,,,,
,,,1.0,,,,1161_438_1261_538_1211_488.png,,,,,,
,,,1.0,,,,219_0_319_80_269_40.png,,,,,,
,,,1.0,,,,2_0_102_87_52_43.png,,,,,,
,,,1.0,,,,1134_588_1234_688_1184_638.png,,,,,,
,,,0.0,,,,1316_566_1416_666_1366_616.png,,,,,,
,,,1.0,,,,153_764_253_864_203_814.png,,,,,,
,,,1.0,,,,1600_1660_1700_1760_1650_1710.png,,,,,,
,,,0.0,,,,2398_1572_2498_1672_2448_1622.png,,,,,,
,,,1.0,,,,60_47_160_147_110_97.png,,,,,,
,,,1.0,,,,2204_0_2304_76_2254_38.png,,,,,,
,,,1.0,,,,370_1092_470_1192_420_1142.png,,,,,,
,,,1.0,,,,1935_1586_2035_1686_1985_1636.png,,,,,,
,,,1.0,,,,1208_392_1308_492_1258_442.png,,,,,,
,,,0.0,,,,1910_1050_2010_1150_1960_1100.png,,,,,,
,,,1.0,,,,256_1454_356_1554_306_1504.png,,,,,,
,,,0.0,,,,16_1844_116_1920_66_1882.png,,,,,,
,,,1.0,,,,490_678_590_778_540_728.png,,,,,,
,,,0.0,,,,2337_0_2437_64_2387_32.png,,,,,,
,,,1.0,,,,2495_1578_2560_1678_2527_1628.png,,,,,,
,,,1.0,,,,2148_167_2248_267_2198_217.png,,,,,,
,,,0.0,,,,2379_0_2479_63_2429_31.png,,,,,,
,,,0.0,,,,888_1276_988_1376_938_1326.png,,,,,,
,,,1.0,,,,526_20_626_120_576_70.png,,,,,,
,,,1.0,,,,1754_710_1854_810_1804_760.png,,,,,,
,,,1.0,,,,1185_133_1285_233_1235_183.png,,,,,,
,,,1.0,,,,1864_1144_1964_1244_1914_1194.png,,,,,,
,,,1.0,,,,479_1777_579_1877_529_1827.png,,,,,,
,,,1.0,,,,600_1462_700_1562_650_1512.png,,,,,,
,,,1.0,,,,2089_918_2189_1018_2139_968.png,,,,,,
,,,0.0,,,,2009_1847_2109_1920_2059_1883.png,,,,,,
,,,0.0,,,,784_783_884_883_834_833.png,,,,,,
,,,1.0,,,,1750_1300_1850_1400_1800_1350.png,,,,,,
,,,1.0,,,,792_1314_892_1414_842_1364.png,,,,,,
,,,1.0,,,,2470_390_2560_490_2515_440.png,,,,,,
,,,1.0,,,,207_440_307_540_257_490.png,,,,,,
,,,1.0,,,,646_1089_746_1189_696_1139.png,,,,,,
,,,0.0,,,,884_1382_984_1482_934_1432.png,,,,,,
,,,1.0,,,,168_140_268_240_218_190.png,,,,,,
,,,0.0,,,,603_416_703_516_653_466.png,,,,,,
,,,1.0,,,,1044_1118_1144_1218_1094_1168.png,,,,,,
,,,1.0,,,,1023_838_1123_938_1073_888.png,,,,,,
,,,0.0,,,,1488_968_1588_1068_1538_1018.png,,,,,,
,,,0.0,,,,418_110_518_210_468_160.png,,,,,,
,,,0.0,,,,640_1010_740_1110_690_1060.png,,,,,,
,,,1.0,,,,1652_610_1752_710_1702_660.png,,,,,,
,,,1.0,,,,112_685_212_785_162_735.png,,,,,,
,,,1.0,,,,1640_1026_1740_1126_1690_1076.png,,,,,,
,,,0.0,,,,2102_1530_2202_1630_2152_1580.png,,,,,,
,,,1.0,,,,310_704_410_804_360_754.png,,,,,,
,,,1.0,,,,986_519_1086_619_1036_569.png,,,,,,
,,,0.0,,,,160_1568_260_1668_210_1618.png,,,,,,
,,,1.0,,,,426_786_526_886_476_836.png,,,,,,
,,,0.0,,,,906_1611_1006_1711_956_1661.png,,,,,,
,,,0.0,,,,,1490_1202_1590_1302_1540_1252.png,,,,,
,,,1.0,,,,,348_528_448_628_398_578.png,,,,,
,,,0.0,,,,,1406_351_1506_451_1456_401.png,,,,,
,,,0.0,,,,,2352_786_2452_886_2402_836.png,,,,,
,,,0.0,,,,,1373_0_1473_64_1423_32.png,,,,,
,,,1.0,,,,,610_885_710_985_660_935.png,,,,,
,,,1.0,,,,,1028_329_1128_429_1078_379.png,,,,,
,,,0.0,,,,,1626_1420_1726_1520_1676_1470.png,,,,,
,,,0.0,,,,,2240_1728_2340_1828_2290_1778.png,,,,,
,,,0.0,,,,,356_1638_456_1738_406_1688.png,,,,,
,,,0.0,,,,,1440_1155_1540_1255_1490_1205.png,,,,,
,,,0.0,,,,,975_943_1075_1043_1025_993.png,,,,,
,,,0.0,,,,,799_92_899_192_849_142.png,,,,,
,,,0.0,,,,,738_776_838_876_788_826.png,,,,,
,,,0.0,,,,,1526_1846_1626_1920_1576_1883.png,,,,,
,,,0.0,,,,,1092_678_1192_778_1142_728.png,,,,,
,,,0.0,,,,,470_28_570_128_520_78.png,,,,,
,,,0.0,,,,,807_714_907_814_857_764.png,,,,,
,,,0.0,,,,,537_1430_637_1530_587_1480.png,,,,,
,,,0.0,,,,,1900_763_2000_863_1950_813.png,,,,,
,,,0.0,,,,,260_131_360_231_310_181.png,,,,,
,,,0.0,,,,,1716_381_1816_481_1766_431.png,,,,,
,,,1.0,,,,,1400_257_1500_357_1450_307.png,,,,,
,,,0.0,,,,,699_222_799_322_749_272.png,,,,,
,,,1.0,,,,,1734_1076_1834_1176_1784_1126.png,,,,,
,,,0.0,,,,,1259_870_1359_970_1309_920.png,,,,,
,,,0.0,,,,,217_308_317_408_267_358.png,,,,,
,,,1.0,,,,,688_17_788_117_738_67.png,,,,,
,,,0.0,,,,,64_554_164_654_114_604.png,,,,,
,,,0.0,,,,,1859_508_1959_608_1909_558.png,,,,,
,,,0.0,,,,,2172_1616_2272_1716_2222_1666.png,,,,,
,,,0.0,,,,,1512_1261_1612_1361_1562_1311.png,,,,,
,,,0.0,,,,,260_1761_360_1861_310_1811.png,,,,,
,,,0.0,,,,,1837_400_1937_500_1887_450.png,,,,,
,,,0.0,,,,,2098_248_2198_348_2148_298.png,,,,,
,,,0.0,,,,,1964_595_2064_695_2014_645.png,,,,,
,,,0.0,,,,,536_68_636_168_586_118.png,,,,,
,,,0.0,,,,,2173_1529_2273_1629_2223_1579.png,,,,,
,,,0.0,,,,,638_1372_738_1472_688_1422.png,,,,,
,,,0.0,,,,,1922_342_2022_442_1972_392.png,,,,,
,,,1.0,,,,,331_8_431_108_381_58.png,,,,,
,,,0.0,,,,,412_92_512_192_462_142.png,,,,,
,,,0.0,,,,,1288_1556_1388_1656_1338_1606.png,,,,,
,,,1.0,,,,,294_612_394_712_344_662.png,,,,,
,,,1.0,,,,,652_1753_752_1853_702_1803.png,,,,,
,,,0.0,,,,,1078_1510_1178_1610_1128_1560.png,,,,,
,,,1.0,,,,,2084_498_2184_598_2134_548.png,,,,,
,,,0.0,,,,,932_312_1032_412_982_362.png,,,,,
,,,1.0,,,,,647_1683_747_1783_697_1733.png,,,,,
,,,0.0,,,,,1156_666_1256_766_1206_716.png,,,,,
,,,0.0,,,,,1539_1019_1639_1119_1589_1069.png,,,,,
,,,0.0,,,,,737_230_837_330_787_280.png,,,,,
,,,0.0,,,,,1881_697_1981_797_1931_747.png,,,,,
,,,0.0,,,,,2174_35_2274_135_2224_85.png,,,,,
,,,0.0,,,,,454_1234_554_1334_504_1284.png,,,,,
,,,0.0,,,,,,368_242_468_342_418_292.png,,,,
,,,0.0,,,,,,1024_316_1124_416_1074_366.png,,,,
,,,0.0,,,,,,0_1696_96_1796_48_1746.png,,,,
,,,0.0,,,,,,250_1705_350_1805_300_1755.png,,,,
,,,0.0,,,,,,270_550_370_650_320_600.png,,,,
,,,0.0,,,,,,130_1028_230_1128_180_1078.png,,,,
,,,0.0,,,,,,678_878_778_978_728_928.png,,,,
,,,0.0,,,,,,0_866_73_966_36_916.png,,,,
,,,0.0,,,,,,943_266_1043_366_993_316.png,,,,
,,,0.0,,,,,,237_1820_337_1920_287_1870.png,,,,
,,,0.0,,,,,,1216_120_1316_220_1266_170.png,,,,
,,,0.0,,,,,,125_1728_225_1828_175_1778.png,,,,
,,,0.0,,,,,,258_968_358_1068_308_1018.png,,,,
,,,0.0,,,,,,60_818_160_918_110_868.png,,,,
,,,0.0,,,,,,128_726_228_826_178_776.png,,,,
,,,0.0,,,,,,298_1557_398_1657_348_1607.png,,,,
,,,0.0,,,,,,0_1486_90_1586_45_1536.png,,,,
,,,0.0,,,,,,1293_1088_1393_1188_1343_1138.png,,,,
,,,0.0,,,,,,2426_1765_2526_1865_2476_1815.png,,,,
,,,0.0,,,,,,240_1166_340_1266_290_1216.png,,,,
,,,0.0,,,,,,650_300_750_400_700_350.png,,,,
,,,0.0,,,,,,606_72_706_172_656_122.png,,,,
,,,0.0,,,,,,69_167_169_267_119_217.png,,,,
,,,0.0,,,,,,213_1375_313_1475_263_1425.png,,,,
,,,0.0,,,,,,182_801_282_901_232_851.png,,,,
,,,0.0,,,,,,222_1698_322_1798_272_1748.png,,,,
,,,0.0,,,,,,100_1608_200_1708_150_1658.png,,,,
,,,0.0,,,,,,1666_576_1766_676_1716_626.png,,,,
,,,0.0,,,,,,912_566_1012_666_962_616.png,,,,
,,,0.0,,,,,,999_1480_1099_1580_1049_1530.png,,,,
,,,0.0,,,,,,1733_1354_1833_1454_1783_1404.png,,,,
,,,0.0,,,,,,0_1064_86_1164_43_1114.png,,,,
,,,0.0,,,,,,2348_919_2448_1019_2398_969.png,,,,
,,,0.0,,,,,,89_1826_189_1920_139_1873.png,,,,
,,,0.0,,,,,,2090_702_2190_802_2140_752.png,,,,
,,,1.0,,,,,,1030_1668_1130_1768_1080_1718.png,,,,
,,,0.0,,,,,,48_64_148_164_98_114.png,,,,
,,,0.0,,,,,,206_196_306_296_256_246.png,,,,
,,,0.0,,,,,,1154_284_1254_384_1204_334.png,,,,
,,,0.0,,,,,,6_1644_106_1744_56_1694.png,,,,
,,,0.0,,,,,,4_1605_104_1705_54_1655.png,,,,
,,,0.0,,,,,,314_1222_414_1322_364_1272.png,,,,
,,,0.0,,,,,,301_1634_401_1734_351_1684.png,,,,
,,,0.0,,,,,,182_1636_282_1736_232_1686.png,,,,
,,,0.0,,,,,,250_116_350_216_300_166.png,,,,
,,,0.0,,,,,,332_1687_432_1787_382_1737.png,,,,
,,,0.0,,,,,,796_1588_896_1688_846_1638.png,,,,
,,,0.0,,,,,,0_597_64_697_32_647.png,,,,
,,,0.0,,,,,,866_1129_966_1229_916_1179.png,,,,
,,,0.0,,,,,,200_1743_300_1843_250_1793.png,,,,
,,,0.0,,,,,,1998_400_2098_500_2048_450.png,,,,
,,,1.0,,,,,,2128_15_2228_115_2178_65.png,,,,
,,,0.0,,,,,,0_753_82_853_41_803.png,,,,
,,,0.0,,,,,,1763_116_1863_216_1813_166.png,,,,
,,,0.0,,,,,,1271_1368_1371_1468_1321_1418.png,,,,
,,,0.0,,,,,,0_968_64_1068_32_1018.png,,,,
,,,1.0,,,,,,1124_810_1224_910_1174_860.png,,,,
,,,1.0,,,,,,1710_294_1810_394_1760_344.png,,,,
,,,0.0,,,,,,66_990_166_1090_116_1040.png,,,,
,,,0.0,,,,,,0_1761_79_1861_39_1811.png,,,,
,,,0.0,,,,,,856_756_956_856_906_806.png,,,,
,,,0.0,,,,,,778_286_878_386_828_336.png,,,,
,,,0.0,,,,,,1144_112_1244_212_1194_162.png,,,,
,,,0.0,,,,,,2127_1320_2227_1420_2177_1370.png,,,,
,,,1.0,,,,,,1251_1706_1351_1806_1301_1756.png,,,,
,,,0.0,,,,,,1062_1776_1162_1876_1112_1826.png,,,,
,,,0.0,,,,,,151_1848_251_1920_201_1884.png,,,,
,,,0.0,,,,,,278_1062_378_1162_328_1112.png,,,,
,,,0.0,,,,,,52_1546_152_1646_102_1596.png,,,,
,,,0.0,,,,,,827_1820_927_1920_877_1870.png,,,,
,,,1.0,,,,,,1124_250_1224_350_1174_300.png,,,,
,,,0.0,,,,,,36_1101_136_1201_86_1151.png,,,,
,,,0.0,,,,,,724_100_824_200_774_150.png,,,,
,,,0.0,,,,,,0_1278_80_1378_40_1328.png,,,,
,,,0.0,,,,,,2224_1718_2324_1818_2274_1768.png,,,,
,,,0.0,,,,,,464_1795_564_1895_514_1845.png,,,,
,,,0.0,,,,,,1349_1012_1449_1112_1399_1062.png,,,,
,,,0.0,,,,,,360_808_460_908_410_858.png,,,,
,,,0.0,,,,,,2486_1422_2560_1522_2523_1472.png,,,,
,,,0.0,,,,,,228_135_328_235_278_185.png,,,,
,,,0.0,,,,,,354_1746_454_1846_404_1796.png,,,,
,,,0.0,,,,,,108_1059_208_1159_158_1109.png,,,,
,,,0.0,,,,,,52_1676_152_1776_102_1726.png,,,,
,,,0.0,,,,,,136_1556_236_1656_186_1606.png,,,,
,,,0.0,,,,,,1016_1301_1116_1401_1066_1351.png,,,,
,,,0.0,,,,,,1376_1608_1476_1708_1426_1658.png,,,,
,,,0.0,,,,,,142_259_242_359_192_309.png,,,,
,,,0.0,,,,,,76_910_176_1010_126_960.png,,,,
,,,0.0,,,,,,1585_1646_1685_1746_1635_1696.png,,,,
,,,0.0,,,,,,0_574_90_674_45_624.png,,,,
,,,0.0,,,,,,177_1824_277_1920_227_1872.png,,,,
,,,0.0,,,,,,484_1400_584_1500_534_1450.png,,,,
,,,0.0,,,,,,44_1244_144_1344_94_1294.png,,,,
,,,0.0,,,,,,72_1498_172_1598_122_1548.png,,,,
,,,1.0,,,,,,1022_382_1122_482_1072_432.png,,,,
,,,1.0,,,,,,2195_481_2295_581_2245_531.png,,,,
,,,0.0,,,,,,1186_0_1286_78_1236_39.png,,,,
,,,0.0,,,,,,148_1272_248_1372_198_1322.png,,,,
,,,0.0,,,,,,184_1671_284_1771_234_1721.png,,,,
,,,0.0,,,,,,22_1298_122_1398_72_1348.png,,,,
,,,0.0,,,,,,2384_1600_2484_1700_2434_1650.png,,,,
,,,0.0,,,,,,0_1628_70_1728_35_1678.png,,,,
,,,0.0,,,,,,2164_872_2264_972_2214_922.png,,,,
,,,1.0,,,,,,842_1374_942_1474_892_1424.png,,,,
,,,1.0,,,,,,1428_824_1528_924_1478_874.png,,,,
,,,0.0,,,,,,0_1681_96_1781_48_1731.png,,,,
,,,0.0,,,,,,180_1336_280_1436_230_1386.png,,,,
,,,0.0,,,,,,1091_1406_1191_1506_1141_1456.png,,,,
,,,0.0,,,,,,464_906_564_1006_514_956.png,,,,
,,,0.0,,,,,,149_1376_249_1476_199_1426.png,,,,
,,,0.0,,,,,,48_666_148_766_98_716.png,,,,
,,,0.0,,,,,,0_1002_76_1102_38_1052.png,,,,
,,,0.0,,,,,,6_1201_106_1301_56_1251.png,,,,
,,,1.0,,,,,,1532_760_1632_860_1582_810.png,,,,
,,,1.0,,,,,,2428_1110_2528_1210_2478_1160.png,,,,
,,,0.0,,,,,,209_892_309_992_259_942.png,,,,
,,,0.0,,,,,,0_1100_68_1200_34_1150.png,,,,
,,,0.0,,,,,,1860_946_1960_1046_1910_996.png,,,,
,,,0.0,,,,,,1178_198_1278_298_1228_248.png,,,,
,,,0.0,,,,,,2065_786_2165_886_2115_836.png,,,,
,,,1.0,,,,,,,2294_1788_2394_1888_2344_1838.png,,,
,,,0.0,,,,,,,940_1436_1040_1536_990_1486.png,,,
,,,0.0,,,,,,,1455_1587_1555_1687_1505_1637.png,,,
,,,1.0,,,,,,,1927_758_2027_858_1977_808.png,,,
,,,1.0,,,,,,,2036_1194_2136_1294_2086_1244.png,,,
,,,1.0,,,,,,,1496_394_1596_494_1546_444.png,,,
,,,1.0,,,,,,,2230_182_2330_282_2280_232.png,,,
,,,0.0,,,,,,,1093_1726_1193_1826_1143_1776.png,,,
,,,1.0,,,,,,,1955_408_2055_508_2005_458.png,,,
,,,0.0,,,,,,,1190_215_1290_315_1240_265.png,,,
,,,0.0,,,,,,,1946_1613_2046_1713_1996_1663.png,,,
,,,1.0,,,,,,,1261_690_1361_790_1311_740.png,,,
,,,0.0,,,,,,,2380_1284_2480_1384_2430_1334.png,,,
,,,0.0,,,,,,,1438_1237_1538_1337_1488_1287.png,,,
,,,0.0,,,,,,,587_30_687_130_637_80.png,,,
,,,0.0,,,,,,,622_664_722_764_672_714.png,,,
,,,1.0,,,,,,,2344_458_2444_558_2394_508.png,,,
,,,0.0,,,,,,,1484_886_1584_986_1534_936.png,,,
,,,0.0,,,,,,,670_198_770_298_720_248.png,,,
,,,0.0,,,,,,,627_794_727_894_677_844.png,,,
,,,1.0,,,,,,,2471_632_2560_732_2515_682.png,,,
,,,0.0,,,,,,,130_1612_230_1712_180_1662.png,,,
,,,1.0,,,,,,,2263_1342_2363_1442_2313_1392.png,,,
,,,0.0,,,,,,,2480_1744_2560_1844_2520_1794.png,,,
,,,1.0,,,,,,,1346_1059_1446_1159_1396_1109.png,,,
,,,0.0,,,,,,,1520_1106_1620_1206_1570_1156.png,,,
,,,1.0,,,,,,,1095_1481_1195_1581_1145_1531.png,,,
,,,0.0,,,,,,,1866_1426_1966_1526_1916_1476.png,,,
,,,0.0,,,,,,,2172_1138_2272_1238_2222_1188.png,,,
,,,0.0,,,,,,,2109_1509_2209_1609_2159_1559.png,,,
,,,0.0,,,,,,,564_627_664_727_614_677.png,,,
,,,0.0,,,,,,,762_792_862_892_812_842.png,,,
,,,0.0,,,,,,,904_1282_1004_1382_954_1332.png,,,
,,,0.0,,,,,,,2238_558_2338_658_2288_608.png,,,
,,,0.0,,,,,,,1824_250_1924_350_1874_300.png,,,
,,,0.0,,,,,,,1577_1580_1677_1680_1627_1630.png,,,
,,,0.0,,,,,,,207_904_307_1004_257_954.png,,,
,,,1.0,,,,,,,1790_1063_1890_1163_1840_1113.png,,,
,,,1.0,,,,,,,2192_1549_2292_1649_2242_1599.png,,,
,,,1.0,,,,,,,2078_1322_2178_1422_2128_1372.png,,,
,,,0.0,,,,,,,1984_1340_2084_1440_2034_1390.png,,,
,,,1.0,,,,,,,1628_1394_1728_1494_1678_1444.png,,,
,,,0.0,,,,,,,1820_1268_1920_1368_1870_1318.png,,,
,,,0.0,,,,,,,1666_1801_1766_1901_1716_1851.png,,,
,,,0.0,,,,,,,810_1366_910_1466_860_1416.png,,,
,,,1.0,,,,,,,2274_454_2374_554_2324_504.png,,,
,,,0.0,,,,,,,1534_974_1634_1074_1584_1024.png,,,
,,,1.0,,,,,,,1548_1538_1648_1638_1598_1588.png,,,
,,,0.0,,,,,,,2134_1468_2234_1568_2184_1518.png,,,
,,,0.0,,,,,,,776_1150_876_1250_826_1200.png,,,
,,,0.0,,,,,,,822_958_922_1058_872_1008.png,,,
,,,0.0,,,,,,,930_808_1030_908_980_858.png,,,
,,,0.0,,,,,,,1034_1473_1134_1573_1084_1523.png,,,
,,,0.0,,,,,,,2373_1800_2473_1900_2423_1850.png,,,
,,,1.0,,,,,,,475_291_575_391_525_341.png,,,
,,,0.0,,,,,,,840_864_940_964_890_914.png,,,
,,,0.0,,,,,,,1464_1162_1564_1262_1514_1212.png,,,
,,,0.0,,,,,,,2222_1535_2322_1635_2272_1585.png,,,
,,,0.0,,,,,,,1208_616_1308_716_1258_666.png,,,
,,,1.0,,,,,,,,1037_1172_1137_1272_1087_1222.png,,
,,,1.0,,,,,,,,1377_1493_1477_1593_1427_1543.png,,
,,,0.0,,,,,,,,851_750_951_850_901_800.png,,
,,,0.0,,,,,,,,946_241_1046_341_996_291.png,,
,,,0.0,,,,,,,,2178_1172_2278_1272_2228_1222.png,,
,,,0.0,,,,,,,,110_0_210_70_160_35.png,,
,,,0.0,,,,,,,,484_410_584_510_534_460.png,,
,,,0.0,,,,,,,,1841_1789_1941_1889_1891_1839.png,,
,,,1.0,,,,,,,,586_1464_686_1564_636_1514.png,,
,,,0.0,,,,,,,,1038_336_1138_436_1088_386.png,,
,,,0.0,,,,,,,,798_983_898_1083_848_1033.png,,
,,,0.0,,,,,,,,2389_526_2489_626_2439_576.png,,
,,,1.0,,,,,,,,762_100_862_200_812_150.png,,
,,,0.0,,,,,,,,738_362_838_462_788_412.png,,
,,,0.0,,,,,,,,299_1400_399_1500_349_1450.png,,
,,,0.0,,,,,,,,718_1687_818_1787_768_1737.png,,
,,,0.0,,,,,,,,1699_260_1799_360_1749_310.png,,
,,,0.0,,,,,,,,349_799_449_899_399_849.png,,
,,,0.0,,,,,,,,2432_1711_2532_1811_2482_1761.png,,
,,,0.0,,,,,,,,714_1802_814_1902_764_1852.png,,
,,,0.0,,,,,,,,474_0_574_94_524_47.png,,
,,,1.0,,,,,,,,1210_736_1310_836_1260_786.png,,
,,,1.0,,,,,,,,190_258_290_358_240_308.png,,
,,,0.0,,,,,,,,2278_462_2378_562_2328_512.png,,
,,,0.0,,,,,,,,606_832_706_932_656_882.png,,
,,,0.0,,,,,,,,1785_1048_1885_1148_1835_1098.png,,
,,,0.0,,,,,,,,1266_1062_1366_1162_1316_1112.png,,
,,,1.0,,,,,,,,291_1314_391_1414_341_1364.png,,
,,,1.0,,,,,,,,1466_1678_1566_1778_1516_1728.png,,
,,,1.0,,,,,,,,1527_783_1627_883_1577_833.png,,
,,,0.0,,,,,,,,61_424_161_524_111_474.png,,
,,,0.0,,,,,,,,1236_386_1336_486_1286_436.png,,
,,,1.0,,,,,,,,1437_808_1537_908_1487_858.png,,
,,,0.0,,,,,,,,1304_1148_1404_1248_1354_1198.png,,
,,,0.0,,,,,,,,372_1210_472_1310_422_1260.png,,
,,,0.0,,,,,,,,642_1406_742_1506_692_1456.png,,
,,,0.0,,,,,,,,794_1044_894_1144_844_1094.png,,
,,,0.0,,,,,,,,1107_1856_1207_1920_1157_1888.png,,
,,,0.0,,,,,,,,630_1631_730_1731_680_1681.png,,
,,,1.0,,,,,,,,274_753_374_853_324_803.png,,
,,,0.0,,,,,,,,566_0_666_90_616_45.png,,
,,,1.0,,,,,,,,610_894_710_994_660_944.png,,
,,,1.0,,,,,,,,211_669_311_769_261_719.png,,
,,,0.0,,,,,,,,609_168_709_268_659_218.png,,
,,,0.0,,,,,,,,796_515_896_615_846_565.png,,
,,,1.0,,,,,,,,1182_203_1282_303_1232_253.png,,
,,,1.0,,,,,,,,1022_1821_1122_1920_1072_1870.png,,
,,,0.0,,,,,,,,35_484_135_584_85_534.png,,
,,,0.0,,,,,,,,648_1535_748_1635_698_1585.png,,
,,,0.0,,,,,,,,2302_266_2402_366_2352_316.png,,
,,,0.0,,,,,,,,1633_1788_1733_1888_1683_1838.png,,
,,,0.0,,,,,,,,1434_186_1534_286_1484_236.png,,
,,,1.0,,,,,,,,1380_1153_1480_1253_1430_1203.png,,
,,,1.0,,,,,,,,815_81_915_181_865_131.png,,
,,,0.0,,,,,,,,2430_0_2530_80_2480_40.png,,
,,,0.0,,,,,,,,207_1120_307_1220_257_1170.png,,
,,,0.0,,,,,,,,1153_1077_1253_1177_1203_1127.png,,
,,,1.0,,,,,,,,398_0_498_94_448_47.png,,
,,,1.0,,,,,,,,2364_0_2464_70_2414_35.png,,
,,,0.0,,,,,,,,161_1832_261_1920_211_1876.png,,
,,,1.0,,,,,,,,566_584_666_684_616_634.png,,
,,,0.0,,,,,,,,2006_1364_2106_1464_2056_1414.png,,
,,,0.0,,,,,,,,520_1296_620_1396_570_1346.png,,
,,,0.0,,,,,,,,1381_842_1481_942_1431_892.png,,
,,,0.0,,,,,,,,476_1160_576_1260_526_1210.png,,
,,,1.0,,,,,,,,1209_762_1309_862_1259_812.png,,
,,,0.0,,,,,,,,826_400_926_500_876_450.png,,
,,,1.0,,,,,,,,2036_221_2136_321_2086_271.png,,
,,,1.0,,,,,,,,504_157_604_257_554_207.png,,
,,,0.0,,,,,,,,2487_1358_2560_1458_2523_1408.png,,
,,,1.0,,,,,,,,1778_494_1878_594_1828_544.png,,
,,,0.0,,,,,,,,1958_1254_2058_1354_2008_1304.png,,
,,,0.0,,,,,,,,632_1812_732_1912_682_1862.png,,
,,,0.0,,,,,,,,1372_121_1472_221_1422_171.png,,
,,,1.0,,,,,,,,1648_1358_1748_1458_1698_1408.png,,
,,,0.0,,,,,,,,1393_1544_1493_1644_1443_1594.png,,
,,,1.0,,,,,,,,166_1696_266_1796_216_1746.png,,
,,,1.0,,,,,,,,1744_338_1844_438_1794_388.png,,
,,,1.0,,,,,,,,227_1310_327_1410_277_1360.png,,
,0.0,,,,,,,,,,,1630_1552_1730_1652_1680_1602.png,
,1.0,,,,,,,,,,,1266_776_1366_876_1316_826.png,
,1.0,,,,,,,,,,,176_1159_276_1259_226_1209.png,
,1.0,,,,,,,,,,,296_814_396_914_346_864.png,
,1.0,,,,,,,,,,,438_1287_538_1387_488_1337.png,
,0.0,,,,,,,,,,,436_916_536_1016_486_966.png,
,0.0,,,,,,,,,,,2290_1817_2390_1917_2340_1867.png,
,0.0,,,,,,,,,,,1066_456_1166_556_1116_506.png,
,1.0,,,,,,,,,,,1812_1672_1912_1772_1862_1722.png,
,0.0,,,,,,,,,,,1643_1251_1743_1351_1693_1301.png,
,0.0,,,,,,,,,,,1612_505_1712_605_1662_555.png,
,1.0,,,,,,,,,,,2083_349_2183_449_2133_399.png,
,0.0,,,,,,,,,,,1486_1848_1586_1920_1536_1884.png,
,0.0,,,,,,,,,,,2136_1568_2236_1668_2186_1618.png,
,1.0,,,,,,,,,,,424_346_524_446_474_396.png,
,1.0,,,,,,,,,,,621_464_721_564_671_514.png,
,1.0,,,,,,,,,,,1688_104_1788_204_1738_154.png,
,0.0,,,,,,,,,,,642_825_742_925_692_875.png,
,1.0,,,,,,,,,,,1124_1240_1224_1340_1174_1290.png,
,1.0,,,,,,,,,,,1138_504_1238_604_1188_554.png,
,1.0,,,,,,,,,,,89_1808_189_1908_139_1858.png,
,1.0,,,,,,,,,,,54_909_154_1009_104_959.png,
,0.0,,,,,,,,,,,2208_1770_2308_1870_2258_1820.png,
,1.0,,,,,,,,,,,1464_0_1564_85_1514_42.png,
,0.0,,,,,,,,,,,1370_378_1470_478_1420_428.png,
,0.0,,,,,,,,,,,1254_1020_1354_1120_1304_1070.png,
,0.0,,,,,,,,,,,329_1860_429_1920_379_1890.png,
,1.0,,,,,,,,,,,942_1675_1042_1775_992_1725.png,
,0.0,,,,,,,,,,,2229_802_2329_902_2279_852.png,
,0.0,,,,,,,,,,,210_164_310_264_260_214.png,
,1.0,,,,,,,,,,,2170_90_2270_190_2220_140.png,
,1.0,,,,,,,,,,,390_0_490_87_440_43.png,
,1.0,,,,,,,,,,,111_1198_211_1298_161_1248.png,
,1.0,,,,,,,,,,,798_94_898_194_848_144.png,
,1.0,,,,,,,,,,,660_620_760_720_710_670.png,
,1.0,,,,,,,,,,,401_600_501_700_451_650.png,
,1.0,,,,,,,,,,,2183_1416_2283_1516_2233_1466.png,
,0.0,,,,,,,,,,,388_1172_488_1272_438_1222.png,
,0.0,,,,,,,,,,,1442_192_1542_292_1492_242.png,
,1.0,,,,,,,,,,,608_1765_708_1865_658_1815.png,
,1.0,,,,,,,,,,,100_1650_200_1750_150_1700.png,
,1.0,,,,,,,,,,,598_959_698_1059_648_1009.png,
,1.0,,,,,,,,,,,396_994_496_1094_446_1044.png,
,1.0,,,,,,,,,,,374_36_474_136_424_86.png,
,1.0,,,,,,,,,,,1350_487_1450_587_1400_537.png,
,0.0,,,,,,,,,,,1620_768_1720_868_1670_818.png,
,1.0,,,,,,,,,,,582_1302_682_1402_632_1352.png,
,1.0,,,,,,,,,,,1600_1422_1700_1522_1650_1472.png,
,1.0,,,,,,,,,,,1198_468_1298_568_1248_518.png,
,1.0,,,,,,,,,,,288_726_388_826_338_776.png,
,0.0,,,,,,,,,,,974_1258_1074_1358_1024_1308.png,
,1.0,,,,,,,,,,,0_1062_97_1162_48_1112.png,
,0.0,,,,,,,,,,,1056_14_1156_114_1106_64.png,
,0.0,,,,,,,,,,,714_772_814_872_764_822.png,
,1.0,,,,,,,,,,,1236_150_1336_250_1286_200.png,
,1.0,,,,,,,,,,,277_276_377_376_327_326.png,
,0.0,,,,,,,,,,,1138_77_1238_177_1188_127.png,
,0.0,,,,,,,,,,,2372_1638_2472_1738_2422_1688.png,
,1.0,,,,,,,,,,,1452_312_1552_412_1502_362.png,
,1.0,,,,,,,,,,,930_608_1030_708_980_658.png,
,0.0,,,,,,,,,,,833_1318_933_1418_883_1368.png,
,1.0,,,,,,,,,,,852_776_952_876_902_826.png,
,1.0,,,,,,,,,,,1296_1606_1396_1706_1346_1656.png,
,1.0,,,,,,,,,,,789_547_889_647_839_597.png,
,1.0,,,,,,,,,,,358_934_458_1034_408_984.png,
,0.0,,,,,,,,,,,2495_1411_2560_1511_2527_1461.png,
,1.0,,,,,,,,,,,34_1266_134_1366_84_1316.png,
,1.0,,,,,,,,,,,1885_1602_1985_1702_1935_1652.png,
,1.0,,,,,,,,,,,397_884_497_984_447_934.png,
,1.0,,,,,,,,,,,1446_1080_1546_1180_1496_1130.png,
,0.0,,,,,,,,,,,2252_1706_2352_1806_2302_1756.png,
,0.0,,,,,,,,,,,2165_163_2265_263_2215_213.png,
,1.0,,,,,,,,,,,1411_643_1511_743_1461_693.png,
,0.0,,,,,,,,,,,150_1764_250_1864_200_1814.png,
,1.0,,,,,,,,,,,900_692_1000_792_950_742.png,
,0.0,,,,,,,,,,,2406_1168_2506_1268_2456_1218.png,
,0.0,,,,,,,,,,,2084_1162_2184_1262_2134_1212.png,
,0.0,,,,,,,,,,,462_1620_562_1720_512_1670.png,
,0.0,,,,,,,,,,,2376_1007_2476_1107_2426_1057.png,
,1.0,,,,,,,,,,,1142_220_1242_320_1192_270.png,
,1.0,,,,,,,,,,,238_1480_338_1580_288_1530.png,
,0.0,,,,,,,,,,,994_158_1094_258_1044_208.png,
,0.0,,,,,,,,,,,2432_1006_2532_1106_2482_1056.png,
,0.0,,,,,,,,,,,1132_1532_1232_1632_1182_1582.png,
,1.0,,,,,,,,,,,1848_1018_1948_1118_1898_1068.png,
,0.0,,,,,,,,,,,2407_1584_2507_1684_2457_1634.png,
,1.0,,,,,,,,,,,541_378_641_478_591_428.png,
,1.0,,,,,,,,,,,1252_223_1352_323_1302_273.png,
,0.0,,,,,,,,,,,1166_710_1266_810_1216_760.png,
,1.0,,,,,,,,,,,860_1253_960_1353_910_1303.png,
,1.0,,,,,,,,,,,976_524_1076_624_1026_574.png,
,0.0,,,,,,,,,,,326_1244_426_1344_376_1294.png,
,1.0,,,,,,,,,,,363_966_463_1066_413_1016.png,
,0.0,,,,,,,,,,,418_1600_518_1700_468_1650.png,
,1.0,,,,,,,,,,,955_1730_1055_1830_1005_1780.png,
,1.0,,,,,,,,,,,1178_1134_1278_1234_1228_1184.png,
,1.0,,,,,,,,,,,1457_1564_1557_1664_1507_1614.png,
,0.0,,,,,,,,,,,96_0_196_64_146_32.png,
,0.0,,,,,,,,,,,1137_580_1237_680_1187_630.png,
,0.0,,,,,,,,,,,515_921_615_1021_565_971.png,
,0.0,,,,,,,,,,,1402_502_1502_602_1452_552.png,
,1.0,,,,,,,,,,,1884_429_1984_529_1934_479.png,
,0.0,,,,,,,,,,,2465_944_2560_1044_2512_994.png,
,1.0,,,,,,,,,,,534_628_634_728_584_678.png,
,1.0,,,,,,,,,,,1024_1094_1124_1194_1074_1144.png,
,0.0,,,,,,,,,,,1656_1048_1756_1148_1706_1098.png,
,1.0,,,,,,,,,,,853_1779_953_1879_903_1829.png,
,1.0,,,,,,,,,,,46_294_146_394_96_344.png,
,0.0,,,,,,,,,,,1732_543_1832_643_1782_593.png,
,1.0,,,,,,,,,,,670_1131_770_1231_720_1181.png,
,1.0,,,,,,,,,,,0_721_75_821_37_771.png,
,1.0,,,,,,,,,,,894_890_994_990_944_940.png,
,1.0,,,,,,,,,,,1353_1812_1453_1912_1403_1862.png,
,0.0,,,,,,,,,,,254_6_354_106_304_56.png,
,1.0,,,,,,,,,,,2279_1381_2379_1481_2329_1431.png,
,1.0,,,,,,,,,,,932_838_1032_938_982_888.png,
,1.0,,,,,,,,,,,91_95_191_195_141_145.png,
,1.0,,,,,,,,,,,5_86_105_186_55_136.png,
,1.0,,,,,,,,,,,489_352_589_452_539_402.png,
,1.0,,,,,,,,,,,0_947_82_1047_41_997.png,
,1.0,,,,,,,,,,,1236_1590_1336_1690_1286_1640.png,
,1.0,,,,,,,,,,,626_74_726_174_676_124.png,
,0.0,,,,,,,,,,,1784_1856_1884_1920_1834_1888.png,
,1.0,,,,,,,,,,,324_421_424_521_374_471.png,
,1.0,,,,,,,,,,,570_1620_670_1720_620_1670.png,
,1.0,,,,,,,,,,,1000_471_1100_571_1050_521.png,
,1.0,,,,,,,,,,,1634_1313_1734_1413_1684_1363.png,
,1.0,,,,,,,,,,,1802_1489_1902_1589_1852_1539.png,
,0.0,,,,,,,,,,,2484_1788_2560_1888_2522_1838.png,
,1.0,,,,,,,,,,,1282_1075_1382_1175_1332_1125.png,
,,,0.0,,,,,,,,,,2466_1022_2560_1122_2513_1072.png
,,,1.0,,,,,,,,,,672_92_772_192_722_142.png
,,,0.0,,,,,,,,,,1100_473_1200_573_1150_523.png
,,,0.0,,,,,,,,,,1451_0_1551_65_1501_32.png
,,,0.0,,,,,,,,,,243_182_343_282_293_232.png
,,,1.0,,,,,,,,,,974_1674_1074_1774_1024_1724.png
,,,1.0,,,,,,,,,,1492_1586_1592_1686_1542_1636.png
,,,1.0,,,,,,,,,,1837_1510_1937_1610_1887_1560.png
,,,1.0,,,,,,,,,,1330_1624_1430_1724_1380_1674.png
,,,0.0,,,,,,,,,,2410_1024_2510_1124_2460_1074.png
,,,1.0,,,,,,,,,,1384_504_1484_604_1434_554.png
,,,0.0,,,,,,,,,,287_22_387_122_337_72.png
,,,0.0,,,,,,,,,,2263_818_2363_918_2313_868.png
,,,1.0,,,,,,,,,,1483_1098_1583_1198_1533_1148.png
,,,0.0,,,,,,,,,,990_1577_1090_1677_1040_1627.png
,,,0.0,,,,,,,,,,2342_1820_2442_1920_2392_1870.png
,,,1.0,,,,,,,,,,887_1795_987_1895_937_1845.png
,,,1.0,,,,,,,,,,0_738_98_838_49_788.png
,,,0.0,,,,,,,,,,1677_1268_1777_1368_1727_1318.png
,,,1.0,,,,,,,,,,1270_166_1370_266_1320_216.png
,,,0.0,,,,,,,,,,872_396_972_496_922_446.png
,,,1.0,,,,,,,,,,1721_120_1821_220_1771_170.png
,,,0.0,,,,,,,,,,475_1594_575_1694_525_1644.png
,,,1.0,,,,,,,,,,1008_540_1108_640_1058_590.png
,,,0.0,,,,,,,,,,1090_32_1190_132_1140_82.png
,,,1.0,,,,,,,,,,1498_1_1598_101_1548_51.png
,,,0.0,,,,,,,,,,2496_960_2560_1060_2528_1010.png
,,,0.0,,,,,,,,,,1476_208_1576_308_1526_258.png
,,,1.0,,,,,,,,,,632_976_732_1076_682_1026.png
,,,1.0,,,,,,,,,,989_1748_1089_1848_1039_1798.png
,,,1.0,,,,,,,,,,273_1497_373_1597_323_1547.png
,,,1.0,,,,,,,,,,1668_1330_1768_1430_1718_1380.png
,,,1.0,,,,,,,,,,31_1079_131_1179_81_1129.png
,,,1.0,,,,,,,,,,1286_239_1386_339_1336_289.png
,,,1.0,,,,,,,,,,2117_366_2217_466_2167_416.png
,,,0.0,,,,,,,,,,2360_1742_2460_1842_2410_1792.png
,,,0.0,,,,,,,,,,550_938_650_1038_600_988.png
,,,0.0,,,,,,,,,,1766_560_1866_660_1816_610.png
,,,0.0,,,,,,,,,,2349_1152_2449_1252_2399_1202.png
,,,1.0,,,,,,,,,,209_1176_309_1276_259_1226.png
,,,1.0,,,,,,,,,,1021_488_1121_588_1071_538.png
,,,1.0,,,,,,,,,,1846_1688_1946_1788_1896_1738.png
,,,1.0,,,,,,,,,,616_1316_716_1416_666_1366.png
,,,1.0,,,,,,,,,,1388_1830_1488_1920_1438_1875.png
,,,1.0,,,,,,,,,,570_645_670_745_620_695.png
,,,0.0,,,,,,,,,,452_1618_552_1718_502_1668.png
,,,1.0,,,,,,,,,,408_54_508_154_458_104.png
,,,0.0,,,,,,,,,,1404_395_1504_495_1454_445.png
,,,1.0,,,,,,,,,,80_310_180_410_130_360.png
,,,1.0,,,,,,,,,,76_924_176_1024_126_974.png
,,,1.0,,,,,,,,,,832_110_932_210_882_160.png
,,,1.0,,,,,,,,,,1919_1620_2019_1720_1969_1670.png
,,,1.0,,,,,,,,,,694_637_794_737_744_687.png
,,,0.0,,,,,,,,,,1201_728_1301_828_1251_778.png
,,,1.0,,,,,,,,,,430_902_530_1002_480_952.png
,,,1.0,,,,,,,,,,642_1782_742_1882_692_1832.png
,,,0.0,,,,,,,,,,579_354_679_454_629_404.png
,,,1.0,,,,,,,,,,934_709_1034_809_984_759.png
,,,1.0,,,,,,,,,,423_6_523_106_473_56.png
,,,1.0,,,,,,,,,,933_902_1033_1002_983_952.png
,,,1.0,,,,,,,,,,397_984_497_1084_447_1034.png
,,,1.0,,,,,,,,,,1300_780_1400_880_1350_830.png
,,,1.0,,,,,,,,,,315_299_415_399_365_349.png
,,,0.0,,,,,,,,,,184_1780_284_1880_234_1830.png
,,,1.0,,,,,,,,,,25_965_125_1065_75_1015.png
,,,0.0,,,,,,,,,,0_414_72_514_36_464.png
,,,0.0,,,,,,,,,,2438_1184_2538_1284_2488_1234.png
,,,1.0,,,,,,,,,,38_104_138_204_88_154.png
,,,1.0,,,,,,,,,,2312_1398_2412_1498_2362_1448.png
,,,1.0,,,,,,,,,,1276_1615_1376_1715_1326_1665.png
,,,1.0,,,,,,,,,,604_1645_704_1745_654_1695.png
,,,1.0,,,,,,,,,,2204_106_2304_206_2254_156.png
,,,1.0,,,,,,,,,,324_743_424_843_374_793.png
,,,0.0,,,,,,,,,,1690_1065_1790_1165_1740_1115.png
,,,1.0,,,,,,,,,,1486_330_1586_430_1536_380.png
,,,0.0,,,,,,,,,,2198_180_2298_280_2248_230.png
,,,1.0,,,,,,,,,,68_1284_168_1384_118_1334.png
,,,1.0,,,,,,,,,,1918_446_2018_546_1968_496.png
,,,1.0,,,,,,,,,,1882_1032_1982_1132_1932_1082.png
,,,1.0,,,,,,,,,,134_1668_234_1768_184_1718.png
,,,1.0,,,,,,,,,,358_438_458_538_408_488.png
,,,1.0,,,,,,,,,,1230_483_1330_583_1280_533.png
,,,1.0,,,,,,,,,,330_832_430_932_380_882.png
,,,0.0,,,,,,,,,,1008_1274_1108_1374_1058_1324.png
,,,0.0,,,,,,,,,,1664_1568_1764_1668_1714_1618.png
,,,1.0,,,,,,,,,,472_1304_572_1404_522_1354.png
,,,1.0,,,,,,,,,,503_370_603_470_553_420.png
,,,1.0,,,,,,,,,,1444_659_1544_759_1494_709.png
,,,1.0,,,,,,,,,,124_112_224_212_174_162.png
,,,1.0,,,,,,,,,,1212_1154_1312_1254_1262_1204.png
,,,0.0,,,,,,,,,,1166_1550_1266_1650_1216_1600.png
,,,0.0,,,,,,,,,,1816_1860_1916_1920_1866_1890.png
,,,0.0,,,,,,,,,,0_1422_62_1522_31_1472.png
,,,1.0,,,,,,,,,,542_324_642_424_592_374.png
,,,0.0,,,,,,,,,,2393_1660_2493_1760_2443_1710.png
,,,0.0,,,,,,,,,,2118_1180_2218_1280_2168_1230.png
,,,0.0,,,,,,,,,,1172_94_1272_194_1222_144.png
,,,1.0,,,,,,,,,,393_954_493_1054_443_1004.png
,,,1.0,,,,,,,,,,703_1148_803_1248_753_1198.png
,,,0.0,,,,,,,,,,2162_618_2262_718_2212_668.png
,,,1.0,,,,,,,,,,1174_237_1274_337_1224_287.png
,,,1.0,,,,,,,,,,575_395_675_495_625_445.png
,,,1.0,,,,,,,,,,2216_1432_2316_1532_2266_1482.png
,,,0.0,,,,,,,,,,470_932_570_1032_520_982.png
,,,0.0,,,,,,,,,,376_1298_476_1398_426_1348.png
,,,0.0,,,,,,,,,,1028_174_1128_274_1078_224.png
,,,1.0,,,,,,,,,,656_482_756_582_706_532.png
,,,1.0,,,,,,,,,,1171_520_1271_620_1221_570.png
,,,1.0,,,,,,,,,,430_1012_530_1112_480_1062.png
,,,0.0,,,,,,,,,,422_1190_522_1290_472_1240.png
,,,0.0,,,,,,,,,,1868_33_1968_133_1918_83.png
,,,0.0,,,,,,,,,,1646_522_1746_622_1696_572.png
,,,0.0,,,,,,,,,,306_1248_406_1348_356_1298.png
,,,1.0,,,,,,,,,,1058_1110_1158_1210_1108_1160.png
,,,0.0,,,,,,,,,,1170_597_1270_697_1220_647.png
,,,1.0,,,,,,,,,,824_564_924_664_874_614.png
,,,0.0,,,,,,,,,,1604_415_1704_515_1654_465.png
,,,1.0,,,,,,,,,,894_1266_994_1366_944_1316.png
,,,1.0,,,,,,,,,,461_364_561_464_511_414.png
,,,1.0,,,,,,,,,,435_618_535_718_485_668.png
,,,1.0,,,,,,,,,,142_1218_242_1318_192_1268.png
,,,0.0,,,,,,,,,,867_1334_967_1434_917_1384.png
,,,1.0,,,,,,,,,,123_1824_223_1920_173_1872.png
,,,1.0,,,,,,,,,,1621_1436_1721_1536_1671_1486.png
,,,0.0,,,,,,,,,,1436_518_1536_618_1486_568.png
,,,1.0,,,,,,,,,,1156_1257_1256_1357_1206_1307.png
,,,1.0,,,,,,,,,,964_624_1064_724_1014_674.png
,,,1.0,,,,,,,,,,886_793_986_893_936_843.png
,,,0.0,,,,,,,,,,748_790_848_890_798_840.png
,,,1.0,,,,,,,,,,1317_1088_1417_1188_1367_1138.png
,,,0.0,,,,,,,,,,1289_1038_1389_1138_1339_1088.png
,,,1.0,,,,,,,,,,1134_194_1234_294_1184_244.png
,,,1.0,,,,,,,,,,966_856_1066_956_1016_906.png
